Name,Year,Gender,State,Count
Christopher,1984.0,M,FL,2989.0
Michael,1984.0,M,FL,2988.0
Jennifer,1984.0,F,FL,2171.0
Jessica,1984.0,F,FL,2100.0
Matthew,1984.0,M,FL,1819.0
Ashley,1984.0,F,FL,1689.0
James,1984.0,M,FL,1681.0
David,1984.0,M,FL,1632.0
Joshua,1984.0,M,FL,1613.0
Robert,1984.0,M,FL,1564.0
Michael,1984.0,M,MT,220.0
Matthew,1984.0,M,MT,189.0
Christopher,1984.0,M,MT,179.0
Jessica,1984.0,F,MT,168.0
Jennifer,1984.0,F,MT,166.0
Joshua,1984.0,M,MT,157.0
Amanda,1984.0,F,MT,143.0
Daniel,1984.0,M,MT,141.0
Ashley,1984.0,F,MT,126.0
Tyler,1984.0,M,MT,123.0
Matthew,1984.0,M,SD,220.0
Joshua,1984.0,M,SD,184.0
Michael,1984.0,M,SD,176.0
Jessica,1984.0,F,SD,166.0
Jennifer,1984.0,F,SD,156.0
Ashley,1984.0,F,SD,155.0
Christopher,1984.0,M,SD,151.0
Amanda,1984.0,F,SD,151.0
Adam,1984.0,M,SD,136.0
Andrew,1984.0,M,SD,119.0
Ashley,1984.0,F,LA,1343.0
Christopher,1984.0,M,LA,1321.0
Michael,1984.0,M,LA,1063.0
Joshua,1984.0,M,LA,1032.0
Brandon,1984.0,M,LA,901.0
Jessica,1984.0,F,LA,892.0
Jennifer,1984.0,F,LA,859.0
Matthew,1984.0,M,LA,774.0
John,1984.0,M,LA,713.0
James,1984.0,M,LA,693.0
Christopher,1984.0,M,KY,1056.0
Joshua,1984.0,M,KY,988.0
Ashley,1984.0,F,KY,934.0
Jessica,1984.0,F,KY,898.0
James,1984.0,M,KY,883.0
Michael,1984.0,M,KY,880.0
Amanda,1984.0,F,KY,855.0
Matthew,1984.0,M,KY,800.0
Jennifer,1984.0,F,KY,764.0
Brandon,1984.0,M,KY,620.0
Christopher,1984.0,M,AL,1099.0
Michael,1984.0,M,AL,840.0
Ashley,1984.0,F,AL,816.0
James,1984.0,M,AL,803.0
Joshua,1984.0,M,AL,787.0
Jessica,1984.0,F,AL,755.0
Jennifer,1984.0,F,AL,741.0
Matthew,1984.0,M,AL,660.0
William,1984.0,M,AL,618.0
Amanda,1984.0,F,AL,596.0
Joshua,1984.0,M,WV,547.0
Jessica,1984.0,F,WV,479.0
Christopher,1984.0,M,WV,451.0
Ashley,1984.0,F,WV,450.0
Michael,1984.0,M,WV,436.0
Matthew,1984.0,M,WV,411.0
Amanda,1984.0,F,WV,404.0
James,1984.0,M,WV,398.0
Jennifer,1984.0,F,WV,371.0
Justin,1984.0,M,WV,323.0
Christopher,1984.0,M,TN,1262.0
Joshua,1984.0,M,TN,1196.0
Ashley,1984.0,F,TN,1097.0
James,1984.0,M,TN,1051.0
Michael,1984.0,M,TN,1034.0
Jessica,1984.0,F,TN,1033.0
Jennifer,1984.0,F,TN,1016.0
Matthew,1984.0,M,TN,953.0
Amanda,1984.0,F,TN,917.0
William,1984.0,M,TN,805.0
Christopher,1984.0,M,AR,585.0
Joshua,1984.0,M,AR,503.0
Michael,1984.0,M,AR,493.0
James,1984.0,M,AR,484.0
Jennifer,1984.0,F,AR,481.0
Ashley,1984.0,F,AR,457.0
Matthew,1984.0,M,AR,424.0
Jessica,1984.0,F,AR,424.0
Amanda,1984.0,F,AR,403.0
Justin,1984.0,M,AR,398.0
Christopher,1984.0,M,MS,745.0
James,1984.0,M,MS,600.0
Michael,1984.0,M,MS,557.0
Ashley,1984.0,F,MS,504.0
Jessica,1984.0,F,MS,492.0
Joshua,1984.0,M,MS,455.0
Jennifer,1984.0,F,MS,447.0
William,1984.0,M,MS,441.0
John,1984.0,M,MS,414.0
Robert,1984.0,M,MS,398.0
Christopher,1985.0,M,NM,411.0
Michael,1985.0,M,NM,382.0
Matthew,1985.0,M,NM,292.0
Jessica,1985.0,F,NM,291.0
Daniel,1985.0,M,NM,290.0
Joshua,1985.0,M,NM,266.0
David,1985.0,M,NM,265.0
Amanda,1985.0,F,NM,253.0
Ashley,1985.0,F,NM,228.0
Robert,1985.0,M,NM,228.0
Michael,1985.0,M,MT,188.0
Matthew,1985.0,M,MT,171.0
Jessica,1985.0,F,MT,165.0
Joshua,1985.0,M,MT,157.0
Amanda,1985.0,F,MT,152.0
Ashley,1985.0,F,MT,150.0
Christopher,1985.0,M,MT,149.0
Ryan,1985.0,M,MT,138.0
Jennifer,1985.0,F,MT,129.0
Tyler,1985.0,M,MT,124.0
Christopher,1985.0,M,SC,908.0
Ashley,1985.0,F,SC,860.0
Michael,1985.0,M,SC,748.0
James,1985.0,M,SC,682.0
Jessica,1985.0,F,SC,680.0
Joshua,1985.0,M,SC,606.0
Brandon,1985.0,M,SC,594.0
William,1985.0,M,SC,542.0
Jennifer,1985.0,F,SC,514.0
Matthew,1985.0,M,SC,498.0
Christopher,1985.0,M,AL,1104.0
Ashley,1985.0,F,AL,981.0
Jessica,1985.0,F,AL,834.0
Joshua,1985.0,M,AL,828.0
Michael,1985.0,M,AL,807.0
James,1985.0,M,AL,766.0
Brandon,1985.0,M,AL,648.0
William,1985.0,M,AL,611.0
Jennifer,1985.0,F,AL,609.0
Amanda,1985.0,F,AL,605.0
Christopher,1985.0,M,SD,188.0
Michael,1985.0,M,SD,172.0
Matthew,1985.0,M,SD,169.0
Ashley,1985.0,F,SD,164.0
Joshua,1985.0,M,SD,160.0
Amanda,1985.0,F,SD,159.0
Jessica,1985.0,F,SD,155.0
Andrew,1985.0,M,SD,123.0
Tyler,1985.0,M,SD,121.0
Jennifer,1985.0,F,SD,120.0
Christopher,1985.0,M,TN,1399.0
Joshua,1985.0,M,TN,1257.0
Ashley,1985.0,F,TN,1245.0
Jessica,1985.0,F,TN,1132.0
James,1985.0,M,TN,1114.0
Michael,1985.0,M,TN,1022.0
Amanda,1985.0,F,TN,982.0
Matthew,1985.0,M,TN,901.0
Brandon,1985.0,M,TN,888.0
William,1985.0,M,TN,838.0
Christopher,1985.0,M,AR,553.0
Joshua,1985.0,M,AR,497.0
Ashley,1985.0,F,AR,490.0
Michael,1985.0,M,AR,483.0
Jessica,1985.0,F,AR,452.0
James,1985.0,M,AR,449.0
Brandon,1985.0,M,AR,414.0
Matthew,1985.0,M,AR,411.0
Amanda,1985.0,F,AR,409.0
Jennifer,1985.0,F,AR,381.0
Joshua,1985.0,M,KY,1034.0
Ashley,1985.0,F,KY,1004.0
Christopher,1985.0,M,KY,996.0
Jessica,1985.0,F,KY,861.0
James,1985.0,M,KY,843.0
Amanda,1985.0,F,KY,811.0
Michael,1985.0,M,KY,759.0
Brandon,1985.0,M,KY,755.0
Matthew,1985.0,M,KY,727.0
William,1985.0,M,KY,590.0
Christopher,1985.0,M,MS,679.0
Ashley,1985.0,F,MS,599.0
James,1985.0,M,MS,564.0
Jessica,1985.0,F,MS,503.0
Michael,1985.0,M,MS,493.0
Joshua,1985.0,M,MS,489.0
William,1985.0,M,MS,427.0
Amanda,1985.0,F,MS,394.0
John,1985.0,M,MS,392.0
Brandon,1985.0,M,MS,380.0
Joshua,1985.0,M,WV,529.0
Christopher,1985.0,M,WV,486.0
Ashley,1985.0,F,WV,454.0
Jessica,1985.0,F,WV,415.0
Michael,1985.0,M,WV,410.0
Amanda,1985.0,F,WV,401.0
James,1985.0,M,WV,374.0
Matthew,1985.0,M,WV,374.0
Brandon,1985.0,M,WV,349.0
Justin,1985.0,M,WV,292.0
Michael,1986.0,M,ID,244.0
Jessica,1986.0,F,ID,220.0
Matthew,1986.0,M,ID,197.0
Christopher,1986.0,M,ID,191.0
Ashley,1986.0,F,ID,188.0
Joshua,1986.0,M,ID,179.0
Amanda,1986.0,F,ID,157.0
Daniel,1986.0,M,ID,149.0
Jennifer,1986.0,F,ID,143.0
David,1986.0,M,ID,143.0
Michael,1986.0,M,MT,178.0
Amanda,1986.0,F,MT,144.0
Matthew,1986.0,M,MT,143.0
Jessica,1986.0,F,MT,139.0
Christopher,1986.0,M,MT,136.0
Joshua,1986.0,M,MT,130.0
Andrew,1986.0,M,MT,122.0
Ryan,1986.0,M,MT,121.0
Daniel,1986.0,M,MT,117.0
Tyler,1986.0,M,MT,116.0
Michael,1986.0,M,SD,189.0
Ashley,1986.0,F,SD,175.0
Matthew,1986.0,M,SD,159.0
Amanda,1986.0,F,SD,150.0
Jessica,1986.0,F,SD,150.0
Christopher,1986.0,M,SD,142.0
Tyler,1986.0,M,SD,130.0
Ryan,1986.0,M,SD,122.0
Sarah,1986.0,F,SD,121.0
Joshua,1986.0,M,SD,120.0
Ashley,1986.0,F,KY,1024.0
Christopher,1986.0,M,KY,958.0
Jessica,1986.0,F,KY,944.0
Joshua,1986.0,M,KY,912.0
Michael,1986.0,M,KY,819.0
James,1986.0,M,KY,771.0
Amanda,1986.0,F,KY,752.0
Matthew,1986.0,M,KY,669.0
Brandon,1986.0,M,KY,611.0
Brittany,1986.0,F,KY,580.0
Christopher,1986.0,M,NM,350.0
Michael,1986.0,M,NM,316.0
Jessica,1986.0,F,NM,300.0
Amanda,1986.0,F,NM,299.0
Joshua,1986.0,M,NM,278.0
Matthew,1986.0,M,NM,266.0
Daniel,1986.0,M,NM,253.0
Ashley,1986.0,F,NM,251.0
David,1986.0,M,NM,246.0
Joseph,1986.0,M,NM,218.0
Christopher,1986.0,M,AL,957.0
Ashley,1986.0,F,AL,929.0
Jessica,1986.0,F,AL,910.0
James,1986.0,M,AL,844.0
Michael,1986.0,M,AL,813.0
Joshua,1986.0,M,AL,736.0
Brandon,1986.0,M,AL,652.0
William,1986.0,M,AL,642.0
Matthew,1986.0,M,AL,575.0
Amanda,1986.0,F,AL,567.0
Ashley,1986.0,F,AR,553.0
Christopher,1986.0,M,AR,531.0
Jessica,1986.0,F,AR,506.0
Joshua,1986.0,M,AR,464.0
Michael,1986.0,M,AR,453.0
Amanda,1986.0,F,AR,413.0
Matthew,1986.0,M,AR,384.0
James,1986.0,M,AR,377.0
Brandon,1986.0,M,AR,343.0
Justin,1986.0,M,AR,332.0
Ashley,1986.0,F,TN,1324.0
Jessica,1986.0,F,TN,1324.0
Christopher,1986.0,M,TN,1251.0
Joshua,1986.0,M,TN,1076.0
Michael,1986.0,M,TN,995.0
James,1986.0,M,TN,970.0
Matthew,1986.0,M,TN,875.0
Amanda,1986.0,F,TN,868.0
Brandon,1986.0,M,TN,806.0
William,1986.0,M,TN,770.0
Christopher,1986.0,M,MS,676.0
Ashley,1986.0,F,MS,587.0
James,1986.0,M,MS,537.0
Michael,1986.0,M,MS,499.0
Jessica,1986.0,F,MS,487.0
William,1986.0,M,MS,455.0
Joshua,1986.0,M,MS,423.0
John,1986.0,M,MS,387.0
Brandon,1986.0,M,MS,376.0
Brittany,1986.0,F,MS,362.0
Ashley,1986.0,F,WV,473.0
Joshua,1986.0,M,WV,456.0
Jessica,1986.0,F,WV,448.0
Christopher,1986.0,M,WV,429.0
Michael,1986.0,M,WV,399.0
Matthew,1986.0,M,WV,380.0
Amanda,1986.0,F,WV,357.0
James,1986.0,M,WV,324.0
Brandon,1986.0,M,WV,292.0
Justin,1986.0,M,WV,284.0
Ashley,1987.0,F,TN,1366.0
Jessica,1987.0,F,TN,1297.0
Christopher,1987.0,M,TN,1222.0
Joshua,1987.0,M,TN,1166.0
Michael,1987.0,M,TN,1019.0
Matthew,1987.0,M,TN,953.0
James,1987.0,M,TN,936.0
Amanda,1987.0,F,TN,830.0
Justin,1987.0,M,TN,800.0
William,1987.0,M,TN,800.0
Ashley,1987.0,F,SD,203.0
Amanda,1987.0,F,SD,166.0
Matthew,1987.0,M,SD,153.0
Joshua,1987.0,M,SD,150.0
Tyler,1987.0,M,SD,141.0
Jessica,1987.0,F,SD,134.0
Ryan,1987.0,M,SD,133.0
Michael,1987.0,M,SD,133.0
Christopher,1987.0,M,SD,126.0
Sarah,1987.0,F,SD,119.0
Michael,1987.0,M,NM,377.0
Christopher,1987.0,M,NM,354.0
Amanda,1987.0,F,NM,353.0
Jessica,1987.0,F,NM,348.0
Ashley,1987.0,F,NM,297.0
Joshua,1987.0,M,NM,279.0
Matthew,1987.0,M,NM,273.0
David,1987.0,M,NM,249.0
Daniel,1987.0,M,NM,221.0
Andrew,1987.0,M,NM,205.0
Jessica,1987.0,F,ID,218.0
Michael,1987.0,M,ID,206.0
Ashley,1987.0,F,ID,201.0
Amanda,1987.0,F,ID,194.0
Matthew,1987.0,M,ID,177.0
Christopher,1987.0,M,ID,177.0
Andrew,1987.0,M,ID,172.0
Joshua,1987.0,M,ID,160.0
Ryan,1987.0,M,ID,150.0
David,1987.0,M,ID,143.0
Ashley,1987.0,F,KY,1038.0
Joshua,1987.0,M,KY,947.0
Jessica,1987.0,F,KY,940.0
Christopher,1987.0,M,KY,923.0
Michael,1987.0,M,KY,777.0
James,1987.0,M,KY,771.0
Amanda,1987.0,F,KY,737.0
Justin,1987.0,M,KY,688.0
Matthew,1987.0,M,KY,680.0
Brandon,1987.0,M,KY,576.0
Ashley,1987.0,F,MT,172.0
Michael,1987.0,M,MT,167.0
Amanda,1987.0,F,MT,148.0
Jessica,1987.0,F,MT,144.0
Matthew,1987.0,M,MT,129.0
Christopher,1987.0,M,MT,129.0
Andrew,1987.0,M,MT,118.0
Kyle,1987.0,M,MT,104.0
Joshua,1987.0,M,MT,104.0
Sarah,1987.0,F,MT,95.0
Ashley,1987.0,F,AL,1010.0
Jessica,1987.0,F,AL,999.0
Christopher,1987.0,M,AL,913.0
Joshua,1987.0,M,AL,795.0
James,1987.0,M,AL,743.0
Justin,1987.0,M,AL,733.0
Michael,1987.0,M,AL,712.0
William,1987.0,M,AL,668.0
Matthew,1987.0,M,AL,622.0
Brandon,1987.0,M,AL,570.0
Ashley,1987.0,F,AR,565.0
Jessica,1987.0,F,AR,546.0
Christopher,1987.0,M,AR,503.0
Joshua,1987.0,M,AR,446.0
Michael,1987.0,M,AR,428.0
James,1987.0,M,AR,423.0
Matthew,1987.0,M,AR,393.0
Justin,1987.0,M,AR,393.0
Amanda,1987.0,F,AR,358.0
Brandon,1987.0,M,AR,309.0
Christopher,1987.0,M,MS,634.0
Jessica,1987.0,F,MS,614.0
Ashley,1987.0,F,MS,564.0
James,1987.0,M,MS,489.0
Michael,1987.0,M,MS,447.0
Justin,1987.0,M,MS,434.0
Joshua,1987.0,M,MS,431.0
William,1987.0,M,MS,386.0
Brittany,1987.0,F,MS,361.0
John,1987.0,M,MS,339.0
Ashley,1987.0,F,WV,487.0
Joshua,1987.0,M,WV,452.0
Jessica,1987.0,F,WV,395.0
Christopher,1987.0,M,WV,393.0
Justin,1987.0,M,WV,387.0
Michael,1987.0,M,WV,369.0
Matthew,1987.0,M,WV,346.0
Amanda,1987.0,F,WV,345.0
James,1987.0,M,WV,285.0
Brandon,1987.0,M,WV,257.0
Ashley,1988.0,F,SD,162.0
Michael,1988.0,M,SD,141.0
Amanda,1988.0,F,SD,135.0
Joshua,1988.0,M,SD,135.0
Jessica,1988.0,F,SD,130.0
Tyler,1988.0,M,SD,126.0
Matthew,1988.0,M,SD,122.0
Christopher,1988.0,M,SD,122.0
Andrew,1988.0,M,SD,121.0
Kyle,1988.0,M,SD,110.0
Jessica,1988.0,F,MT,147.0
Michael,1988.0,M,MT,139.0
Amanda,1988.0,F,MT,126.0
Matthew,1988.0,M,MT,125.0
Ashley,1988.0,F,MT,119.0
Joshua,1988.0,M,MT,109.0
Tyler,1988.0,M,MT,107.0
Andrew,1988.0,M,MT,104.0
Joseph,1988.0,M,MT,99.0
Justin,1988.0,M,MT,98.0
Joshua,1988.0,M,TN,1308.0
Jessica,1988.0,F,TN,1267.0
Christopher,1988.0,M,TN,1186.0
Ashley,1988.0,F,TN,1177.0
Justin,1988.0,M,TN,1087.0
Michael,1988.0,M,TN,1079.0
James,1988.0,M,TN,957.0
Matthew,1988.0,M,TN,874.0
William,1988.0,M,TN,857.0
Brittany,1988.0,F,TN,814.0
Christopher,1988.0,M,LA,973.0
Joshua,1988.0,M,LA,970.0
Ashley,1988.0,F,LA,927.0
Jessica,1988.0,F,LA,855.0
Michael,1988.0,M,LA,822.0
Brittany,1988.0,F,LA,775.0
Justin,1988.0,M,LA,734.0
Brandon,1988.0,M,LA,627.0
Matthew,1988.0,M,LA,597.0
James,1988.0,M,LA,577.0
Jessica,1988.0,F,AR,561.0
Christopher,1988.0,M,AR,509.0
Ashley,1988.0,F,AR,489.0
Joshua,1988.0,M,AR,479.0
Justin,1988.0,M,AR,438.0
Michael,1988.0,M,AR,436.0
James,1988.0,M,AR,385.0
Matthew,1988.0,M,AR,369.0
Amanda,1988.0,F,AR,314.0
Brandon,1988.0,M,AR,310.0
Jessica,1988.0,F,AL,953.0
Justin,1988.0,M,AL,929.0
Christopher,1988.0,M,AL,921.0
Ashley,1988.0,F,AL,902.0
Joshua,1988.0,M,AL,850.0
Michael,1988.0,M,AL,740.0
James,1988.0,M,AL,729.0
William,1988.0,M,AL,631.0
Matthew,1988.0,M,AL,604.0
Brittany,1988.0,F,AL,585.0
Joshua,1988.0,M,KY,921.0
Ashley,1988.0,F,KY,914.0
Jessica,1988.0,F,KY,826.0
Justin,1988.0,M,KY,784.0
Christopher,1988.0,M,KY,774.0
Michael,1988.0,M,KY,755.0
James,1988.0,M,KY,695.0
Matthew,1988.0,M,KY,663.0
Amanda,1988.0,F,KY,654.0
Brittany,1988.0,F,KY,605.0
Joshua,1988.0,M,WV,461.0
Ashley,1988.0,F,WV,419.0
Justin,1988.0,M,WV,412.0
Jessica,1988.0,F,WV,348.0
Amanda,1988.0,F,WV,340.0
Michael,1988.0,M,WV,336.0
Christopher,1988.0,M,WV,333.0
Matthew,1988.0,M,WV,288.0
James,1988.0,M,WV,285.0
Brittany,1988.0,F,WV,270.0
Michael,1988.0,M,NM,355.0
Amanda,1988.0,F,NM,326.0
Christopher,1988.0,M,NM,314.0
Jessica,1988.0,F,NM,301.0
Joshua,1988.0,M,NM,300.0
Matthew,1988.0,M,NM,278.0
Ashley,1988.0,F,NM,267.0
Daniel,1988.0,M,NM,227.0
David,1988.0,M,NM,210.0
Justin,1988.0,M,NM,195.0
Christopher,1988.0,M,MS,572.0
Jessica,1988.0,F,MS,550.0
Justin,1988.0,M,MS,528.0
Ashley,1988.0,F,MS,521.0
James,1988.0,M,MS,497.0
Joshua,1988.0,M,MS,475.0
Michael,1988.0,M,MS,440.0
Brittany,1988.0,F,MS,397.0
William,1988.0,M,MS,392.0
Matthew,1988.0,M,MS,337.0
Michael,1989.0,M,MT,157.0
Ashley,1989.0,F,MT,135.0
Jessica,1989.0,F,MT,124.0
Matthew,1989.0,M,MT,118.0
Amanda,1989.0,F,MT,112.0
Joshua,1989.0,M,MT,109.0
Andrew,1989.0,M,MT,103.0
Tyler,1989.0,M,MT,97.0
Daniel,1989.0,M,MT,91.0
Jacob,1989.0,M,MT,90.0
Joshua,1989.0,M,OK,646.0
Ashley,1989.0,F,OK,623.0
Jessica,1989.0,F,OK,618.0
Michael,1989.0,M,OK,602.0
Christopher,1989.0,M,OK,584.0
Matthew,1989.0,M,OK,492.0
Brittany,1989.0,F,OK,469.0
Justin,1989.0,M,OK,458.0
Amanda,1989.0,F,OK,400.0
James,1989.0,M,OK,398.0
Joshua,1989.0,M,KY,945.0
Christopher,1989.0,M,KY,883.0
Brittany,1989.0,F,KY,844.0
Ashley,1989.0,F,KY,837.0
Jessica,1989.0,F,KY,793.0
James,1989.0,M,KY,751.0
Michael,1989.0,M,KY,747.0
Justin,1989.0,M,KY,735.0
Matthew,1989.0,M,KY,675.0
Amanda,1989.0,F,KY,608.0
Brittany,1989.0,F,LA,1157.0
Christopher,1989.0,M,LA,1024.0
Joshua,1989.0,M,LA,940.0
Michael,1989.0,M,LA,865.0
Ashley,1989.0,F,LA,823.0
Justin,1989.0,M,LA,682.0
Jessica,1989.0,F,LA,663.0
Matthew,1989.0,M,LA,621.0
Brandon,1989.0,M,LA,602.0
John,1989.0,M,LA,527.0
Joshua,1989.0,M,TN,1205.0
Christopher,1989.0,M,TN,1199.0
Jessica,1989.0,F,TN,1180.0
Ashley,1989.0,F,TN,1178.0
Brittany,1989.0,F,TN,1068.0
Michael,1989.0,M,TN,1056.0
James,1989.0,M,TN,1027.0
Justin,1989.0,M,TN,963.0
Matthew,1989.0,M,TN,889.0
William,1989.0,M,TN,846.0
Michael,1989.0,M,NM,380.0
Christopher,1989.0,M,NM,327.0
Ashley,1989.0,F,NM,310.0
Matthew,1989.0,M,NM,287.0
Jessica,1989.0,F,NM,285.0
Joshua,1989.0,M,NM,280.0
Amanda,1989.0,F,NM,276.0
Daniel,1989.0,M,NM,259.0
Joseph,1989.0,M,NM,212.0
David,1989.0,M,NM,198.0
Joshua,1989.0,M,WV,444.0
Brittany,1989.0,F,WV,402.0
Christopher,1989.0,M,WV,393.0
Justin,1989.0,M,WV,381.0
Jessica,1989.0,F,WV,359.0
Ashley,1989.0,F,WV,357.0
Michael,1989.0,M,WV,325.0
Matthew,1989.0,M,WV,298.0
Amanda,1989.0,F,WV,282.0
James,1989.0,M,WV,265.0
Christopher,1989.0,M,AR,500.0
Ashley,1989.0,F,AR,473.0
Jessica,1989.0,F,AR,470.0
Brittany,1989.0,F,AR,457.0
Joshua,1989.0,M,AR,456.0
Justin,1989.0,M,AR,452.0
Michael,1989.0,M,AR,406.0
James,1989.0,M,AR,382.0
Matthew,1989.0,M,AR,355.0
Brandon,1989.0,M,AR,318.0
Christopher,1989.0,M,AL,922.0
Joshua,1989.0,M,AL,921.0
Ashley,1989.0,F,AL,895.0
Jessica,1989.0,F,AL,862.0
Justin,1989.0,M,AL,860.0
Brittany,1989.0,F,AL,837.0
Michael,1989.0,M,AL,789.0
James,1989.0,M,AL,755.0
William,1989.0,M,AL,678.0
Matthew,1989.0,M,AL,604.0
Christopher,1989.0,M,MS,590.0
Brittany,1989.0,F,MS,562.0
Ashley,1989.0,F,MS,507.0
James,1989.0,M,MS,498.0
Justin,1989.0,M,MS,494.0
Joshua,1989.0,M,MS,485.0
Jessica,1989.0,F,MS,478.0
Michael,1989.0,M,MS,451.0
William,1989.0,M,MS,417.0
Robert,1989.0,M,MS,344.0
Joshua,1990.0,M,KY,891.0
Brittany,1990.0,F,KY,843.0
Christopher,1990.0,M,KY,790.0
James,1990.0,M,KY,779.0
Jessica,1990.0,F,KY,757.0
Ashley,1990.0,F,KY,728.0
Michael,1990.0,M,KY,727.0
Matthew,1990.0,M,KY,651.0
Justin,1990.0,M,KY,624.0
William,1990.0,M,KY,573.0
Tyler,1990.0,M,SD,147.0
Michael,1990.0,M,SD,141.0
Joshua,1990.0,M,SD,131.0
Matthew,1990.0,M,SD,127.0
Jordan,1990.0,M,SD,126.0
Ashley,1990.0,F,SD,110.0
Andrew,1990.0,M,SD,104.0
Amanda,1990.0,F,SD,103.0
Jacob,1990.0,M,SD,102.0
Sarah,1990.0,F,SD,101.0
Joshua,1990.0,M,OK,599.0
Jessica,1990.0,F,OK,596.0
Ashley,1990.0,F,OK,594.0
Christopher,1990.0,M,OK,581.0
Michael,1990.0,M,OK,575.0
Matthew,1990.0,M,OK,521.0
Brittany,1990.0,F,OK,461.0
Justin,1990.0,M,OK,415.0
Tyler,1990.0,M,OK,414.0
Cody,1990.0,M,OK,389.0
Michael,1990.0,M,MT,162.0
Joshua,1990.0,M,MT,124.0
Jessica,1990.0,F,MT,120.0
Matthew,1990.0,M,MT,119.0
Christopher,1990.0,M,MT,115.0
Tyler,1990.0,M,MT,109.0
Jacob,1990.0,M,MT,104.0
Ashley,1990.0,F,MT,99.0
Justin,1990.0,M,MT,93.0
Joseph,1990.0,M,MT,85.0
Christopher,1990.0,M,AL,938.0
Joshua,1990.0,M,AL,842.0
Ashley,1990.0,F,AL,824.0
Brittany,1990.0,F,AL,788.0
Jessica,1990.0,F,AL,771.0
Justin,1990.0,M,AL,763.0
Michael,1990.0,M,AL,742.0
James,1990.0,M,AL,729.0
William,1990.0,M,AL,698.0
Matthew,1990.0,M,AL,607.0
Christopher,1990.0,M,AR,505.0
Jessica,1990.0,F,AR,453.0
Ashley,1990.0,F,AR,443.0
Brittany,1990.0,F,AR,440.0
Michael,1990.0,M,AR,424.0
Joshua,1990.0,M,AR,417.0
Justin,1990.0,M,AR,386.0
James,1990.0,M,AR,374.0
Matthew,1990.0,M,AR,312.0
William,1990.0,M,AR,291.0
Joshua,1990.0,M,TN,1205.0
Christopher,1990.0,M,TN,1179.0
Jessica,1990.0,F,TN,1104.0
Brittany,1990.0,F,TN,1087.0
Ashley,1990.0,F,TN,1085.0
James,1990.0,M,TN,1014.0
Michael,1990.0,M,TN,998.0
Matthew,1990.0,M,TN,924.0
William,1990.0,M,TN,887.0
Justin,1990.0,M,TN,829.0
Brittany,1990.0,F,LA,973.0
Joshua,1990.0,M,LA,945.0
Christopher,1990.0,M,LA,864.0
Michael,1990.0,M,LA,784.0
Ashley,1990.0,F,LA,775.0
Jessica,1990.0,F,LA,600.0
Justin,1990.0,M,LA,600.0
Brandon,1990.0,M,LA,550.0
James,1990.0,M,LA,540.0
Matthew,1990.0,M,LA,537.0
Joshua,1990.0,M,WV,406.0
Brittany,1990.0,F,WV,379.0
Christopher,1990.0,M,WV,355.0
Michael,1990.0,M,WV,352.0
Justin,1990.0,M,WV,336.0
Ashley,1990.0,F,WV,333.0
Jessica,1990.0,F,WV,314.0
Matthew,1990.0,M,WV,279.0
Kayla,1990.0,F,WV,272.0
James,1990.0,M,WV,259.0
Christopher,1990.0,M,MS,590.0
Brittany,1990.0,F,MS,519.0
Ashley,1990.0,F,MS,513.0
James,1990.0,M,MS,507.0
Joshua,1990.0,M,MS,488.0
Jessica,1990.0,F,MS,476.0
Michael,1990.0,M,MS,464.0
William,1990.0,M,MS,433.0
Justin,1990.0,M,MS,433.0
John,1990.0,M,MS,315.0
Ashley,1991.0,F,OK,576.0
Joshua,1991.0,M,OK,576.0
Jessica,1991.0,F,OK,552.0
Michael,1991.0,M,OK,551.0
Christopher,1991.0,M,OK,489.0
Tyler,1991.0,M,OK,473.0
Matthew,1991.0,M,OK,430.0
Jacob,1991.0,M,OK,412.0
Cody,1991.0,M,OK,408.0
Brittany,1991.0,F,OK,398.0
Christopher,1991.0,M,LA,886.0
Joshua,1991.0,M,LA,864.0
Michael,1991.0,M,LA,765.0
Ashley,1991.0,F,LA,763.0
Brittany,1991.0,F,LA,691.0
Brandon,1991.0,M,LA,588.0
Jessica,1991.0,F,LA,547.0
Justin,1991.0,M,LA,488.0
Matthew,1991.0,M,LA,488.0
James,1991.0,M,LA,487.0
Michael,1991.0,M,MT,139.0
Jessica,1991.0,F,MT,129.0
Jacob,1991.0,M,MT,123.0
Joshua,1991.0,M,MT,105.0
Cody,1991.0,M,MT,105.0
Tyler,1991.0,M,MT,103.0
Kyle,1991.0,M,MT,96.0
Matthew,1991.0,M,MT,93.0
Ashley,1991.0,F,MT,90.0
Christopher,1991.0,M,MT,85.0
Michael,1991.0,M,SD,147.0
Tyler,1991.0,M,SD,145.0
Ashley,1991.0,F,SD,117.0
Jordan,1991.0,M,SD,115.0
Jacob,1991.0,M,SD,115.0
Joshua,1991.0,M,SD,111.0
Cody,1991.0,M,SD,108.0
Matthew,1991.0,M,SD,105.0
Samantha,1991.0,F,SD,98.0
Ryan,1991.0,M,SD,95.0
Joshua,1991.0,M,TN,1100.0
Ashley,1991.0,F,TN,1085.0
Christopher,1991.0,M,TN,1063.0
Michael,1991.0,M,TN,985.0
Jessica,1991.0,F,TN,984.0
James,1991.0,M,TN,905.0
Matthew,1991.0,M,TN,885.0
Brittany,1991.0,F,TN,872.0
William,1991.0,M,TN,845.0
Justin,1991.0,M,TN,703.0
Christopher,1991.0,M,AL,844.0
Joshua,1991.0,M,AL,781.0
Ashley,1991.0,F,AL,775.0
Michael,1991.0,M,AL,755.0
Jessica,1991.0,F,AL,698.0
James,1991.0,M,AL,675.0
William,1991.0,M,AL,637.0
Justin,1991.0,M,AL,625.0
Brittany,1991.0,F,AL,585.0
Kayla,1991.0,F,AL,524.0
Joshua,1991.0,M,KY,799.0
Ashley,1991.0,F,KY,756.0
Brittany,1991.0,F,KY,725.0
James,1991.0,M,KY,713.0
Michael,1991.0,M,KY,698.0
Christopher,1991.0,M,KY,682.0
Jessica,1991.0,F,KY,667.0
Matthew,1991.0,M,KY,612.0
William,1991.0,M,KY,578.0
Kayla,1991.0,F,KY,538.0
Christopher,1991.0,M,AR,436.0
Ashley,1991.0,F,AR,426.0
Joshua,1991.0,M,AR,422.0
Jessica,1991.0,F,AR,400.0
Michael,1991.0,M,AR,364.0
James,1991.0,M,AR,344.0
Brittany,1991.0,F,AR,327.0
Cody,1991.0,M,AR,305.0
Matthew,1991.0,M,AR,304.0
Justin,1991.0,M,AR,300.0
Joshua,1991.0,M,WV,395.0
Brittany,1991.0,F,WV,352.0
Ashley,1991.0,F,WV,351.0
Michael,1991.0,M,WV,334.0
Jessica,1991.0,F,WV,306.0
Christopher,1991.0,M,WV,299.0
Kayla,1991.0,F,WV,296.0
James,1991.0,M,WV,284.0
Justin,1991.0,M,WV,262.0
Matthew,1991.0,M,WV,251.0
Christopher,1991.0,M,MS,502.0
Joshua,1991.0,M,MS,499.0
Ashley,1991.0,F,MS,480.0
James,1991.0,M,MS,463.0
Michael,1991.0,M,MS,458.0
Brittany,1991.0,F,MS,421.0
William,1991.0,M,MS,411.0
Jessica,1991.0,F,MS,392.0
Justin,1991.0,M,MS,372.0
Robert,1991.0,M,MS,307.0
Tyler,1992.0,M,SD,141.0
Ashley,1992.0,F,SD,109.0
Cody,1992.0,M,SD,106.0
Matthew,1992.0,M,SD,103.0
Michael,1992.0,M,SD,99.0
Zachary,1992.0,M,SD,97.0
Jessica,1992.0,F,SD,97.0
Jacob,1992.0,M,SD,96.0
Andrew,1992.0,M,SD,96.0
Jordan,1992.0,M,SD,92.0
Michael,1992.0,M,NM,292.0
Joshua,1992.0,M,NM,280.0
Christopher,1992.0,M,NM,267.0
Ashley,1992.0,F,NM,247.0
Matthew,1992.0,M,NM,226.0
Daniel,1992.0,M,NM,215.0
Jessica,1992.0,F,NM,212.0
Samantha,1992.0,F,NM,200.0
Amanda,1992.0,F,NM,186.0
Joseph,1992.0,M,NM,183.0
Christopher,1992.0,M,AL,747.0
Joshua,1992.0,M,AL,698.0
James,1992.0,M,AL,683.0
Jessica,1992.0,F,AL,660.0
William,1992.0,M,AL,655.0
Ashley,1992.0,F,AL,645.0
Michael,1992.0,M,AL,626.0
Brandon,1992.0,M,AL,559.0
Justin,1992.0,M,AL,547.0
Brittany,1992.0,F,AL,526.0
Christopher,1992.0,M,LA,741.0
Joshua,1992.0,M,LA,705.0
Michael,1992.0,M,LA,626.0
Brandon,1992.0,M,LA,609.0
Ashley,1992.0,F,LA,600.0
Brittany,1992.0,F,LA,557.0
Tyler,1992.0,M,LA,521.0
Matthew,1992.0,M,LA,479.0
John,1992.0,M,LA,461.0
James,1992.0,M,LA,456.0
Michael,1992.0,M,OK,513.0
Ashley,1992.0,F,OK,497.0
Joshua,1992.0,M,OK,493.0
Tyler,1992.0,M,OK,484.0
Christopher,1992.0,M,OK,452.0
Jessica,1992.0,F,OK,429.0
Cody,1992.0,M,OK,397.0
Jacob,1992.0,M,OK,389.0
Matthew,1992.0,M,OK,385.0
Brandon,1992.0,M,OK,371.0
Christopher,1992.0,M,TN,987.0
Joshua,1992.0,M,TN,930.0
Ashley,1992.0,F,TN,900.0
Michael,1992.0,M,TN,897.0
James,1992.0,M,TN,843.0
William,1992.0,M,TN,840.0
Matthew,1992.0,M,TN,800.0
Jessica,1992.0,F,TN,782.0
Brittany,1992.0,F,TN,726.0
Cody,1992.0,M,TN,720.0
Jessica,1992.0,F,AR,382.0
Christopher,1992.0,M,AR,375.0
Ashley,1992.0,F,AR,375.0
Joshua,1992.0,M,AR,362.0
Michael,1992.0,M,AR,351.0
Tyler,1992.0,M,AR,350.0
James,1992.0,M,AR,345.0
Cody,1992.0,M,AR,307.0
Matthew,1992.0,M,AR,287.0
Zachary,1992.0,M,AR,284.0
Ashley,1992.0,F,KY,676.0
Joshua,1992.0,M,KY,675.0
James,1992.0,M,KY,648.0
Christopher,1992.0,M,KY,646.0
Michael,1992.0,M,KY,613.0
Brittany,1992.0,F,KY,599.0
Matthew,1992.0,M,KY,579.0
Jessica,1992.0,F,KY,548.0
Jacob,1992.0,M,KY,539.0
Brandon,1992.0,M,KY,536.0
Christopher,1992.0,M,MS,517.0
James,1992.0,M,MS,474.0
Ashley,1992.0,F,MS,417.0
Michael,1992.0,M,MS,399.0
William,1992.0,M,MS,395.0
Jessica,1992.0,F,MS,363.0
Joshua,1992.0,M,MS,351.0
John,1992.0,M,MS,332.0
Brittany,1992.0,F,MS,309.0
Brandon,1992.0,M,MS,305.0
Joshua,1992.0,M,WV,325.0
Michael,1992.0,M,WV,305.0
Christopher,1992.0,M,WV,303.0
Brittany,1992.0,F,WV,292.0
Ashley,1992.0,F,WV,287.0
Cody,1992.0,M,WV,268.0
Zachary,1992.0,M,WV,261.0
Jessica,1992.0,F,WV,253.0
Brandon,1992.0,M,WV,252.0
Tyler,1992.0,M,WV,247.0
Tyler,1993.0,M,MT,124.0
Cody,1993.0,M,MT,111.0
Jacob,1993.0,M,MT,106.0
Michael,1993.0,M,MT,101.0
Austin,1993.0,M,MT,96.0
Jessica,1993.0,F,MT,94.0
Ashley,1993.0,F,MT,93.0
Joshua,1993.0,M,MT,89.0
Matthew,1993.0,M,MT,85.0
Kyle,1993.0,M,MT,78.0
Christopher,1993.0,M,LA,669.0
Michael,1993.0,M,LA,633.0
Joshua,1993.0,M,LA,609.0
Brandon,1993.0,M,LA,606.0
Ashley,1993.0,F,LA,556.0
Brittany,1993.0,F,LA,497.0
Tyler,1993.0,M,LA,483.0
Taylor,1993.0,F,LA,479.0
Justin,1993.0,M,LA,448.0
Matthew,1993.0,M,LA,429.0
Joshua,1993.0,M,OK,488.0
Tyler,1993.0,M,OK,479.0
Michael,1993.0,M,OK,465.0
Ashley,1993.0,F,OK,426.0
Jessica,1993.0,F,OK,425.0
Jacob,1993.0,M,OK,409.0
Christopher,1993.0,M,OK,399.0
Matthew,1993.0,M,OK,365.0
Taylor,1993.0,F,OK,356.0
Cody,1993.0,M,OK,350.0
Christopher,1993.0,M,SC,627.0
Michael,1993.0,M,SC,597.0
William,1993.0,M,SC,573.0
James,1993.0,M,SC,529.0
Ashley,1993.0,F,SC,521.0
Joshua,1993.0,M,SC,509.0
Brandon,1993.0,M,SC,496.0
Jessica,1993.0,F,SC,459.0
Matthew,1993.0,M,SC,451.0
Brittany,1993.0,F,SC,446.0
Christopher,1993.0,M,TN,908.0
Michael,1993.0,M,TN,866.0
William,1993.0,M,TN,862.0
Joshua,1993.0,M,TN,861.0
James,1993.0,M,TN,851.0
Ashley,1993.0,F,TN,828.0
Jessica,1993.0,F,TN,757.0
Matthew,1993.0,M,TN,714.0
Brandon,1993.0,M,TN,709.0
Jacob,1993.0,M,TN,708.0
Christopher,1993.0,M,AL,692.0
Michael,1993.0,M,AL,683.0
James,1993.0,M,AL,659.0
Ashley,1993.0,F,AL,650.0
William,1993.0,M,AL,647.0
Joshua,1993.0,M,AL,617.0
Jessica,1993.0,F,AL,582.0
Brandon,1993.0,M,AL,520.0
Brittany,1993.0,F,AL,510.0
John,1993.0,M,AL,506.0
James,1993.0,M,KY,639.0
Michael,1993.0,M,KY,623.0
Joshua,1993.0,M,KY,603.0
Jacob,1993.0,M,KY,598.0
Ashley,1993.0,F,KY,596.0
Christopher,1993.0,M,KY,575.0
Zachary,1993.0,M,KY,562.0
Matthew,1993.0,M,KY,547.0
William,1993.0,M,KY,531.0
Brittany,1993.0,F,KY,519.0
Christopher,1993.0,M,AR,354.0
Ashley,1993.0,F,AR,353.0
Michael,1993.0,M,AR,342.0
Joshua,1993.0,M,AR,335.0
Tyler,1993.0,M,AR,325.0
Jessica,1993.0,F,AR,318.0
James,1993.0,M,AR,312.0
Cody,1993.0,M,AR,307.0
Zachary,1993.0,M,AR,296.0
Jacob,1993.0,M,AR,281.0
Michael,1993.0,M,WV,303.0
Tyler,1993.0,M,WV,301.0
Christopher,1993.0,M,WV,265.0
Joshua,1993.0,M,WV,263.0
Cody,1993.0,M,WV,260.0
Brandon,1993.0,M,WV,260.0
Ashley,1993.0,F,WV,255.0
Zachary,1993.0,M,WV,250.0
Brittany,1993.0,F,WV,242.0
Matthew,1993.0,M,WV,241.0
James,1993.0,M,MS,439.0
Christopher,1993.0,M,MS,430.0
Ashley,1993.0,F,MS,403.0
Michael,1993.0,M,MS,380.0
William,1993.0,M,MS,374.0
Joshua,1993.0,M,MS,353.0
Brittany,1993.0,F,MS,318.0
Jessica,1993.0,F,MS,299.0
Jasmine,1993.0,F,MS,292.0
John,1993.0,M,MS,284.0
Jacob,1994.0,M,IN,974.0
Tyler,1994.0,M,IN,951.0
Austin,1994.0,M,IN,919.0
Michael,1994.0,M,IN,888.0
Zachary,1994.0,M,IN,794.0
Brandon,1994.0,M,IN,739.0
Matthew,1994.0,M,IN,726.0
Joshua,1994.0,M,IN,703.0
Ashley,1994.0,F,IN,683.0
Jessica,1994.0,F,IN,668.0
Tyler,1994.0,M,MT,117.0
Austin,1994.0,M,MT,115.0
Jacob,1994.0,M,MT,114.0
Michael,1994.0,M,MT,109.0
Cody,1994.0,M,MT,86.0
Zachary,1994.0,M,MT,85.0
Jessica,1994.0,F,MT,83.0
Emily,1994.0,F,MT,81.0
Andrew,1994.0,M,MT,81.0
Joshua,1994.0,M,MT,76.0
Christopher,1994.0,M,AL,673.0
William,1994.0,M,AL,627.0
James,1994.0,M,AL,608.0
Joshua,1994.0,M,AL,604.0
Michael,1994.0,M,AL,581.0
John,1994.0,M,AL,510.0
Ashley,1994.0,F,AL,508.0
Justin,1994.0,M,AL,498.0
Brandon,1994.0,M,AL,490.0
Jessica,1994.0,F,AL,476.0
Tyler,1994.0,M,OK,488.0
Jacob,1994.0,M,OK,443.0
Michael,1994.0,M,OK,434.0
Ashley,1994.0,F,OK,388.0
Joshua,1994.0,M,OK,375.0
Taylor,1994.0,F,OK,374.0
Brandon,1994.0,M,OK,360.0
Austin,1994.0,M,OK,356.0
Jessica,1994.0,F,OK,345.0
Christopher,1994.0,M,OK,340.0
Michael,1994.0,M,NM,285.0
Christopher,1994.0,M,NM,236.0
Joshua,1994.0,M,NM,230.0
Brandon,1994.0,M,NM,208.0
Jacob,1994.0,M,NM,202.0
Daniel,1994.0,M,NM,196.0
Matthew,1994.0,M,NM,193.0
Anthony,1994.0,M,NM,188.0
Jessica,1994.0,F,NM,186.0
Ashley,1994.0,F,NM,177.0
Austin,1994.0,M,KY,638.0
James,1994.0,M,KY,585.0
Christopher,1994.0,M,KY,550.0
Michael,1994.0,M,KY,550.0
Jacob,1994.0,M,KY,548.0
Cody,1994.0,M,KY,534.0
Joshua,1994.0,M,KY,531.0
William,1994.0,M,KY,522.0
Zachary,1994.0,M,KY,515.0
Brandon,1994.0,M,KY,506.0
Christopher,1994.0,M,LA,594.0
Michael,1994.0,M,LA,589.0
Joshua,1994.0,M,LA,582.0
Brandon,1994.0,M,LA,536.0
Tyler,1994.0,M,LA,509.0
Taylor,1994.0,F,LA,434.0
Brittany,1994.0,F,LA,423.0
Ashley,1994.0,F,LA,422.0
John,1994.0,M,LA,418.0
Jacob,1994.0,M,LA,417.0
Michael,1994.0,M,AR,320.0
Christopher,1994.0,M,AR,313.0
Tyler,1994.0,M,AR,308.0
Austin,1994.0,M,AR,307.0
Ashley,1994.0,F,AR,294.0
Jacob,1994.0,M,AR,284.0
James,1994.0,M,AR,279.0
Jessica,1994.0,F,AR,279.0
Zachary,1994.0,M,AR,269.0
Joshua,1994.0,M,AR,265.0
James,1994.0,M,MS,406.0
Christopher,1994.0,M,MS,403.0
William,1994.0,M,MS,386.0
Michael,1994.0,M,MS,379.0
Joshua,1994.0,M,MS,349.0
Austin,1994.0,M,MS,313.0
Ashley,1994.0,F,MS,311.0
Jessica,1994.0,F,MS,287.0
Brandon,1994.0,M,MS,282.0
Justin,1994.0,M,MS,266.0
Joshua,1994.0,M,WV,291.0
Brandon,1994.0,M,WV,277.0
Tyler,1994.0,M,WV,271.0
Zachary,1994.0,M,WV,255.0
Michael,1994.0,M,WV,250.0
Cody,1994.0,M,WV,246.0
James,1994.0,M,WV,240.0
Brittany,1994.0,F,WV,228.0
Christopher,1994.0,M,WV,224.0
Ashley,1994.0,F,WV,218.0
William,1995.0,M,SC,510.0
Christopher,1995.0,M,SC,494.0
Michael,1995.0,M,SC,493.0
James,1995.0,M,SC,451.0
Brandon,1995.0,M,SC,446.0
Joshua,1995.0,M,SC,429.0
Austin,1995.0,M,SC,387.0
Matthew,1995.0,M,SC,380.0
Taylor,1995.0,F,SC,364.0
Ashley,1995.0,F,SC,359.0
Austin,1995.0,M,TN,804.0
Jacob,1995.0,M,TN,786.0
William,1995.0,M,TN,767.0
James,1995.0,M,TN,765.0
Joshua,1995.0,M,TN,757.0
Christopher,1995.0,M,TN,750.0
Michael,1995.0,M,TN,748.0
Matthew,1995.0,M,TN,708.0
Brandon,1995.0,M,TN,705.0
Ashley,1995.0,F,TN,664.0
Joshua,1995.0,M,LA,593.0
Christopher,1995.0,M,LA,545.0
Michael,1995.0,M,LA,538.0
Tyler,1995.0,M,LA,522.0
Brandon,1995.0,M,LA,518.0
Nicholas,1995.0,M,LA,472.0
Taylor,1995.0,F,LA,466.0
Austin,1995.0,M,LA,447.0
Jacob,1995.0,M,LA,418.0
Matthew,1995.0,M,LA,411.0
Austin,1995.0,M,MT,135.0
Jacob,1995.0,M,MT,103.0
Tyler,1995.0,M,MT,100.0
Matthew,1995.0,M,MT,78.0
Jessica,1995.0,F,MT,78.0
Ashley,1995.0,F,MT,73.0
Michael,1995.0,M,MT,73.0
Zachary,1995.0,M,MT,71.0
Samantha,1995.0,F,MT,70.0
Taylor,1995.0,F,MT,69.0
James,1995.0,M,MS,395.0
Christopher,1995.0,M,MS,380.0
William,1995.0,M,MS,378.0
Joshua,1995.0,M,MS,344.0
Michael,1995.0,M,MS,319.0
Austin,1995.0,M,MS,283.0
Ashley,1995.0,F,MS,278.0
John,1995.0,M,MS,272.0
Justin,1995.0,M,MS,270.0
Robert,1995.0,M,MS,256.0
Tyler,1995.0,M,OK,471.0
Austin,1995.0,M,OK,467.0
Jacob,1995.0,M,OK,430.0
Michael,1995.0,M,OK,397.0
Joshua,1995.0,M,OK,389.0
Christopher,1995.0,M,OK,335.0
Jessica,1995.0,F,OK,311.0
Ashley,1995.0,F,OK,309.0
Brandon,1995.0,M,OK,301.0
Matthew,1995.0,M,OK,301.0
Joshua,1995.0,M,NM,229.0
Jacob,1995.0,M,NM,210.0
Christopher,1995.0,M,NM,207.0
Michael,1995.0,M,NM,199.0
Matthew,1995.0,M,NM,195.0
Anthony,1995.0,M,NM,167.0
Ashley,1995.0,F,NM,165.0
Andrew,1995.0,M,NM,164.0
Daniel,1995.0,M,NM,161.0
Brandon,1995.0,M,NM,161.0
William,1995.0,M,AL,628.0
Christopher,1995.0,M,AL,605.0
James,1995.0,M,AL,554.0
Michael,1995.0,M,AL,542.0
Joshua,1995.0,M,AL,538.0
Austin,1995.0,M,AL,514.0
Jacob,1995.0,M,AL,497.0
Brandon,1995.0,M,AL,480.0
Matthew,1995.0,M,AL,464.0
Justin,1995.0,M,AL,455.0
Tyler,1995.0,M,AR,313.0
Jacob,1995.0,M,AR,304.0
Christopher,1995.0,M,AR,301.0
Austin,1995.0,M,AR,288.0
Joshua,1995.0,M,AR,275.0
Ashley,1995.0,F,AR,273.0
William,1995.0,M,AR,258.0
Michael,1995.0,M,AR,257.0
James,1995.0,M,AR,256.0
Brandon,1995.0,M,AR,252.0
Tyler,1995.0,M,WV,292.0
Austin,1995.0,M,WV,267.0
Jacob,1995.0,M,WV,254.0
Joshua,1995.0,M,WV,254.0
Brandon,1995.0,M,WV,239.0
Michael,1995.0,M,WV,233.0
Christopher,1995.0,M,WV,213.0
James,1995.0,M,WV,213.0
Zachary,1995.0,M,WV,211.0
Brittany,1995.0,F,WV,194.0
Michael,1996.0,M,FL,2014.0
Christopher,1996.0,M,FL,1719.0
Joshua,1996.0,M,FL,1568.0
Matthew,1996.0,M,FL,1456.0
Brandon,1996.0,M,FL,1439.0
Ashley,1996.0,F,FL,1398.0
Tyler,1996.0,M,FL,1395.0
Nicholas,1996.0,M,FL,1383.0
Austin,1996.0,M,FL,1358.0
Daniel,1996.0,M,FL,1307.0
William,1996.0,M,AL,628.0
Michael,1996.0,M,AL,581.0
Austin,1996.0,M,AL,556.0
Christopher,1996.0,M,AL,548.0
James,1996.0,M,AL,536.0
Joshua,1996.0,M,AL,520.0
Jacob,1996.0,M,AL,496.0
John,1996.0,M,AL,476.0
Matthew,1996.0,M,AL,453.0
Justin,1996.0,M,AL,417.0
Christopher,1996.0,M,LA,518.0
Joshua,1996.0,M,LA,514.0
Tyler,1996.0,M,LA,504.0
Michael,1996.0,M,LA,498.0
Austin,1996.0,M,LA,457.0
Brandon,1996.0,M,LA,431.0
Jacob,1996.0,M,LA,414.0
Nicholas,1996.0,M,LA,397.0
Alexis,1996.0,F,LA,396.0
Taylor,1996.0,F,LA,393.0
Jacob,1996.0,M,SD,132.0
Tyler,1996.0,M,SD,121.0
Austin,1996.0,M,SD,113.0
Matthew,1996.0,M,SD,101.0
Zachary,1996.0,M,SD,76.0
Samantha,1996.0,F,SD,74.0
Andrew,1996.0,M,SD,72.0
Cody,1996.0,M,SD,70.0
Emily,1996.0,F,SD,69.0
Joshua,1996.0,M,SD,69.0
Jacob,1996.0,M,MT,112.0
Tyler,1996.0,M,MT,96.0
Michael,1996.0,M,MT,88.0
Austin,1996.0,M,MT,80.0
Jessica,1996.0,F,MT,68.0
Taylor,1996.0,F,MT,68.0
Joshua,1996.0,M,MT,68.0
Cody,1996.0,M,MT,65.0
Matthew,1996.0,M,MT,63.0
Brandon,1996.0,M,MT,62.0
Tyler,1996.0,M,OK,419.0
Jacob,1996.0,M,OK,412.0
Michael,1996.0,M,OK,374.0
Austin,1996.0,M,OK,371.0
Joshua,1996.0,M,OK,371.0
Matthew,1996.0,M,OK,322.0
Madison,1996.0,F,OK,321.0
Christopher,1996.0,M,OK,319.0
Taylor,1996.0,F,OK,287.0
Ashley,1996.0,F,OK,285.0
Jacob,1996.0,M,AR,325.0
Tyler,1996.0,M,AR,323.0
Austin,1996.0,M,AR,308.0
Michael,1996.0,M,AR,299.0
Christopher,1996.0,M,AR,298.0
William,1996.0,M,AR,287.0
Hannah,1996.0,F,AR,278.0
James,1996.0,M,AR,258.0
Joshua,1996.0,M,AR,251.0
Emily,1996.0,F,AR,247.0
William,1996.0,M,MS,378.0
Christopher,1996.0,M,MS,375.0
Joshua,1996.0,M,MS,349.0
James,1996.0,M,MS,333.0
Austin,1996.0,M,MS,320.0
Michael,1996.0,M,MS,294.0
Justin,1996.0,M,MS,271.0
Brandon,1996.0,M,MS,263.0
John,1996.0,M,MS,258.0
Jacob,1996.0,M,MS,243.0
Tyler,1996.0,M,WV,281.0
Jacob,1996.0,M,WV,271.0
Austin,1996.0,M,WV,256.0
Zachary,1996.0,M,WV,249.0
Brandon,1996.0,M,WV,228.0
Joshua,1996.0,M,WV,226.0
Michael,1996.0,M,WV,211.0
Cody,1996.0,M,WV,201.0
Emily,1996.0,F,WV,197.0
James,1996.0,M,WV,181.0
Michael,1996.0,M,NM,217.0
Joshua,1996.0,M,NM,211.0
Christopher,1996.0,M,NM,193.0
Jacob,1996.0,M,NM,191.0
Brandon,1996.0,M,NM,172.0
Matthew,1996.0,M,NM,172.0
Daniel,1996.0,M,NM,165.0
Samantha,1996.0,F,NM,156.0
Ashley,1996.0,F,NM,148.0
Mariah,1996.0,F,NM,147.0
William,1997.0,M,AL,594.0
Christopher,1997.0,M,AL,560.0
James,1997.0,M,AL,540.0
Jacob,1997.0,M,AL,530.0
Joshua,1997.0,M,AL,525.0
Austin,1997.0,M,AL,498.0
Michael,1997.0,M,AL,493.0
John,1997.0,M,AL,442.0
Matthew,1997.0,M,AL,442.0
Brandon,1997.0,M,AL,426.0
Austin,1997.0,M,ND,123.0
Jacob,1997.0,M,ND,116.0
Zachary,1997.0,M,ND,93.0
Emily,1997.0,F,ND,88.0
Tyler,1997.0,M,ND,83.0
Hannah,1997.0,F,ND,82.0
Madison,1997.0,F,ND,80.0
Michael,1997.0,M,ND,76.0
Nicholas,1997.0,M,ND,72.0
Alexander,1997.0,M,ND,70.0
Jacob,1997.0,M,OK,521.0
Tyler,1997.0,M,OK,396.0
Austin,1997.0,M,OK,380.0
Joshua,1997.0,M,OK,366.0
Michael,1997.0,M,OK,365.0
Christopher,1997.0,M,OK,330.0
Matthew,1997.0,M,OK,316.0
Taylor,1997.0,F,OK,309.0
Madison,1997.0,F,OK,299.0
Zachary,1997.0,M,OK,292.0
Jacob,1997.0,M,TN,884.0
Austin,1997.0,M,TN,845.0
William,1997.0,M,TN,842.0
Joshua,1997.0,M,TN,709.0
Michael,1997.0,M,TN,702.0
James,1997.0,M,TN,695.0
Hannah,1997.0,F,TN,692.0
Christopher,1997.0,M,TN,688.0
Matthew,1997.0,M,TN,671.0
Brandon,1997.0,M,TN,593.0
Joshua,1997.0,M,NM,227.0
Christopher,1997.0,M,NM,206.0
Matthew,1997.0,M,NM,204.0
Jacob,1997.0,M,NM,199.0
Michael,1997.0,M,NM,188.0
Daniel,1997.0,M,NM,177.0
Joseph,1997.0,M,NM,175.0
Brandon,1997.0,M,NM,145.0
Anthony,1997.0,M,NM,139.0
Andrew,1997.0,M,NM,134.0
Jacob,1997.0,M,SD,121.0
Austin,1997.0,M,SD,105.0
Michael,1997.0,M,SD,81.0
Samantha,1997.0,F,SD,76.0
Hannah,1997.0,F,SD,76.0
Tyler,1997.0,M,SD,75.0
Matthew,1997.0,M,SD,73.0
Emily,1997.0,F,SD,70.0
Taylor,1997.0,F,SD,70.0
Zachary,1997.0,M,SD,67.0
Jacob,1997.0,M,MT,121.0
Austin,1997.0,M,MT,95.0
Tyler,1997.0,M,MT,83.0
Matthew,1997.0,M,MT,72.0
Hannah,1997.0,F,MT,71.0
Michael,1997.0,M,MT,69.0
Joshua,1997.0,M,MT,65.0
Madison,1997.0,F,MT,65.0
Ryan,1997.0,M,MT,63.0
William,1997.0,M,MT,62.0
William,1997.0,M,MS,378.0
Christopher,1997.0,M,MS,357.0
James,1997.0,M,MS,341.0
Joshua,1997.0,M,MS,336.0
John,1997.0,M,MS,305.0
Michael,1997.0,M,MS,289.0
Brandon,1997.0,M,MS,282.0
Tyler,1997.0,M,MS,253.0
Austin,1997.0,M,MS,248.0
Robert,1997.0,M,MS,238.0
Jacob,1997.0,M,WV,298.0
Austin,1997.0,M,WV,261.0
Brandon,1997.0,M,WV,261.0
Tyler,1997.0,M,WV,260.0
Michael,1997.0,M,WV,215.0
Emily,1997.0,F,WV,211.0
Hannah,1997.0,F,WV,202.0
Christopher,1997.0,M,WV,197.0
Joshua,1997.0,M,WV,196.0
Zachary,1997.0,M,WV,189.0
Jacob,1997.0,M,AR,374.0
Austin,1997.0,M,AR,314.0
Christopher,1997.0,M,AR,294.0
Michael,1997.0,M,AR,288.0
Tyler,1997.0,M,AR,282.0
Hannah,1997.0,F,AR,270.0
Joshua,1997.0,M,AR,260.0
Zachary,1997.0,M,AR,247.0
William,1997.0,M,AR,245.0
Matthew,1997.0,M,AR,242.0
Jacob,1998.0,M,OK,486.0
Austin,1998.0,M,OK,406.0
Joshua,1998.0,M,OK,373.0
Tyler,1998.0,M,OK,369.0
Michael,1998.0,M,OK,368.0
Hannah,1998.0,F,OK,337.0
Emily,1998.0,F,OK,332.0
Madison,1998.0,F,OK,327.0
Matthew,1998.0,M,OK,322.0
Zachary,1998.0,M,OK,300.0
William,1998.0,M,SC,528.0
Michael,1998.0,M,SC,458.0
Christopher,1998.0,M,SC,449.0
Joshua,1998.0,M,SC,438.0
Jacob,1998.0,M,SC,421.0
James,1998.0,M,SC,419.0
Austin,1998.0,M,SC,398.0
Matthew,1998.0,M,SC,375.0
Brandon,1998.0,M,SC,363.0
Hannah,1998.0,F,SC,363.0
Austin,1998.0,M,SD,120.0
Jacob,1998.0,M,SD,114.0
Emily,1998.0,F,SD,80.0
Tyler,1998.0,M,SD,79.0
Hannah,1998.0,F,SD,74.0
Matthew,1998.0,M,SD,74.0
Michael,1998.0,M,SD,72.0
Zachary,1998.0,M,SD,71.0
Taylor,1998.0,F,SD,66.0
Nicholas,1998.0,M,SD,63.0
Jacob,1998.0,M,LA,494.0
Joshua,1998.0,M,LA,481.0
Michael,1998.0,M,LA,465.0
Austin,1998.0,M,LA,461.0
Christopher,1998.0,M,LA,444.0
Tyler,1998.0,M,LA,443.0
Alexis,1998.0,F,LA,438.0
Matthew,1998.0,M,LA,413.0
Taylor,1998.0,F,LA,406.0
Nicholas,1998.0,M,LA,406.0
Jacob,1998.0,M,MT,103.0
Austin,1998.0,M,MT,84.0
Michael,1998.0,M,MT,81.0
Emily,1998.0,F,MT,77.0
Madison,1998.0,F,MT,74.0
Hannah,1998.0,F,MT,73.0
Tyler,1998.0,M,MT,72.0
Ashley,1998.0,F,MT,62.0
Joshua,1998.0,M,MT,62.0
Cody,1998.0,M,MT,62.0
Michael,1998.0,M,NM,237.0
Joshua,1998.0,M,NM,210.0
Jacob,1998.0,M,NM,199.0
Matthew,1998.0,M,NM,185.0
Joseph,1998.0,M,NM,169.0
Christopher,1998.0,M,NM,168.0
Daniel,1998.0,M,NM,166.0
Brandon,1998.0,M,NM,160.0
Anthony,1998.0,M,NM,159.0
Ashley,1998.0,F,NM,145.0
Jacob,1998.0,M,ND,116.0
Emily,1998.0,F,ND,92.0
Matthew,1998.0,M,ND,89.0
Austin,1998.0,M,ND,88.0
Tyler,1998.0,M,ND,83.0
Madison,1998.0,F,ND,76.0
Taylor,1998.0,F,ND,72.0
Zachary,1998.0,M,ND,71.0
Michael,1998.0,M,ND,70.0
Dylan,1998.0,M,ND,70.0
James,1998.0,M,MS,383.0
William,1998.0,M,MS,380.0
Christopher,1998.0,M,MS,333.0
Joshua,1998.0,M,MS,301.0
Austin,1998.0,M,MS,301.0
Michael,1998.0,M,MS,296.0
John,1998.0,M,MS,269.0
Jacob,1998.0,M,MS,268.0
Brandon,1998.0,M,MS,260.0
Alexis,1998.0,F,MS,235.0
Jacob,1998.0,M,AR,372.0
Austin,1998.0,M,AR,288.0
Michael,1998.0,M,AR,275.0
Joshua,1998.0,M,AR,274.0
Christopher,1998.0,M,AR,270.0
Hannah,1998.0,F,AR,266.0
Madison,1998.0,F,AR,249.0
Tyler,1998.0,M,AR,234.0
Emily,1998.0,F,AR,231.0
James,1998.0,M,AR,231.0
Jacob,1998.0,M,WV,299.0
Austin,1998.0,M,WV,276.0
Hannah,1998.0,F,WV,221.0
Tyler,1998.0,M,WV,208.0
Brandon,1998.0,M,WV,203.0
Michael,1998.0,M,WV,199.0
Matthew,1998.0,M,WV,195.0
Zachary,1998.0,M,WV,192.0
Emily,1998.0,F,WV,183.0
Joshua,1998.0,M,WV,181.0
Jacob,1999.0,M,ID,182.0
Tyler,1999.0,M,ID,131.0
Austin,1999.0,M,ID,124.0
Emily,1999.0,F,ID,122.0
Hannah,1999.0,F,ID,111.0
Michael,1999.0,M,ID,110.0
Madison,1999.0,F,ID,110.0
Matthew,1999.0,M,ID,104.0
Joshua,1999.0,M,ID,102.0
Andrew,1999.0,M,ID,100.0
Jacob,1999.0,M,KY,732.0
Austin,1999.0,M,KY,605.0
William,1999.0,M,KY,548.0
Hannah,1999.0,F,KY,509.0
James,1999.0,M,KY,461.0
Matthew,1999.0,M,KY,448.0
Emily,1999.0,F,KY,428.0
Michael,1999.0,M,KY,425.0
Zachary,1999.0,M,KY,418.0
Christopher,1999.0,M,KY,414.0
Jacob,1999.0,M,OK,502.0
Joshua,1999.0,M,OK,357.0
Tyler,1999.0,M,OK,350.0
Matthew,1999.0,M,OK,332.0
Michael,1999.0,M,OK,329.0
Madison,1999.0,F,OK,317.0
Hannah,1999.0,F,OK,315.0
Emily,1999.0,F,OK,313.0
Christopher,1999.0,M,OK,304.0
Austin,1999.0,M,OK,283.0
Jacob,1999.0,M,ND,105.0
Hannah,1999.0,F,ND,87.0
Madison,1999.0,F,ND,82.0
Emily,1999.0,F,ND,77.0
Tyler,1999.0,M,ND,71.0
Hunter,1999.0,M,ND,71.0
Alexis,1999.0,F,ND,71.0
Dylan,1999.0,M,ND,71.0
Zachary,1999.0,M,ND,70.0
Taylor,1999.0,F,ND,69.0
Joshua,1999.0,M,LA,461.0
Jacob,1999.0,M,LA,451.0
Christopher,1999.0,M,LA,427.0
Hannah,1999.0,F,LA,407.0
Alexis,1999.0,F,LA,406.0
Michael,1999.0,M,LA,405.0
Tyler,1999.0,M,LA,399.0
Austin,1999.0,M,LA,394.0
Madison,1999.0,F,LA,390.0
Matthew,1999.0,M,LA,374.0
Jacob,1999.0,M,NM,233.0
Joshua,1999.0,M,NM,203.0
Michael,1999.0,M,NM,188.0
Matthew,1999.0,M,NM,175.0
Isaiah,1999.0,M,NM,168.0
Daniel,1999.0,M,NM,166.0
Alexis,1999.0,F,NM,165.0
Joseph,1999.0,M,NM,164.0
Christopher,1999.0,M,NM,159.0
Brandon,1999.0,M,NM,157.0
William,1999.0,M,MS,336.0
James,1999.0,M,MS,333.0
Christopher,1999.0,M,MS,330.0
Joshua,1999.0,M,MS,315.0
Michael,1999.0,M,MS,306.0
John,1999.0,M,MS,290.0
Jacob,1999.0,M,MS,279.0
Austin,1999.0,M,MS,264.0
Brandon,1999.0,M,MS,253.0
Madison,1999.0,F,MS,246.0
Tyler,1999.0,M,MT,87.0
Jacob,1999.0,M,MT,85.0
Michael,1999.0,M,MT,82.0
Madison,1999.0,F,MT,73.0
Matthew,1999.0,M,MT,71.0
Emily,1999.0,F,MT,69.0
Hannah,1999.0,F,MT,66.0
Ryan,1999.0,M,MT,66.0
Dylan,1999.0,M,MT,63.0
Austin,1999.0,M,MT,62.0
Jacob,1999.0,M,AR,339.0
Hannah,1999.0,F,AR,297.0
William,1999.0,M,AR,273.0
Matthew,1999.0,M,AR,266.0
Austin,1999.0,M,AR,263.0
Michael,1999.0,M,AR,248.0
Madison,1999.0,F,AR,246.0
Joshua,1999.0,M,AR,246.0
Emily,1999.0,F,AR,244.0
Christopher,1999.0,M,AR,231.0
Jacob,1999.0,M,WV,312.0
Austin,1999.0,M,WV,273.0
Hannah,1999.0,F,WV,219.0
Tyler,1999.0,M,WV,205.0
Madison,1999.0,F,WV,198.0
Matthew,1999.0,M,WV,190.0
Joshua,1999.0,M,WV,182.0
Emily,1999.0,F,WV,179.0
Michael,1999.0,M,WV,177.0
Alexis,1999.0,F,WV,161.0
Jacob,2000.0,M,ND,114.0
Madison,2000.0,F,ND,82.0
Hunter,2000.0,M,ND,73.0
Ethan,2000.0,M,ND,71.0
Alexis,2000.0,F,ND,69.0
Matthew,2000.0,M,ND,66.0
Hannah,2000.0,F,ND,62.0
Tyler,2000.0,M,ND,61.0
Austin,2000.0,M,ND,61.0
Emily,2000.0,F,ND,59.0
William,2000.0,M,AL,655.0
Jacob,2000.0,M,AL,613.0
Joshua,2000.0,M,AL,503.0
Christopher,2000.0,M,AL,452.0
Michael,2000.0,M,AL,452.0
James,2000.0,M,AL,443.0
Hannah,2000.0,F,AL,443.0
John,2000.0,M,AL,425.0
Matthew,2000.0,M,AL,416.0
Austin,2000.0,M,AL,410.0
Jacob,2000.0,M,NM,216.0
Joshua,2000.0,M,NM,185.0
Michael,2000.0,M,NM,184.0
Isaiah,2000.0,M,NM,184.0
Matthew,2000.0,M,NM,158.0
Daniel,2000.0,M,NM,149.0
Anthony,2000.0,M,NM,143.0
Joseph,2000.0,M,NM,142.0
Christopher,2000.0,M,NM,142.0
Alexis,2000.0,F,NM,141.0
William,2000.0,M,MS,391.0
James,2000.0,M,MS,326.0
Christopher,2000.0,M,MS,316.0
Hannah,2000.0,F,MS,283.0
Michael,2000.0,M,MS,270.0
Jacob,2000.0,M,MS,269.0
John,2000.0,M,MS,267.0
Joshua,2000.0,M,MS,256.0
Madison,2000.0,F,MS,233.0
Anna,2000.0,F,MS,228.0
Jacob,2000.0,M,TN,948.0
William,2000.0,M,TN,868.0
Hannah,2000.0,F,TN,705.0
James,2000.0,M,TN,669.0
Joshua,2000.0,M,TN,665.0
Michael,2000.0,M,TN,637.0
Christopher,2000.0,M,TN,619.0
Madison,2000.0,F,TN,596.0
Matthew,2000.0,M,TN,582.0
Emily,2000.0,F,TN,576.0
Jacob,2000.0,M,MT,99.0
Madison,2000.0,F,MT,95.0
Emily,2000.0,F,MT,77.0
Tyler,2000.0,M,MT,76.0
Zachary,2000.0,M,MT,64.0
Michael,2000.0,M,MT,63.0
Dylan,2000.0,M,MT,62.0
Logan,2000.0,M,MT,61.0
Joseph,2000.0,M,MT,57.0
Taylor,2000.0,F,MT,55.0
Jacob,2000.0,M,OK,467.0
Tyler,2000.0,M,OK,357.0
Joshua,2000.0,M,OK,348.0
Madison,2000.0,F,OK,329.0
Matthew,2000.0,M,OK,329.0
Michael,2000.0,M,OK,324.0
Emily,2000.0,F,OK,316.0
Hannah,2000.0,F,OK,315.0
Christopher,2000.0,M,OK,278.0
Austin,2000.0,M,OK,267.0
Joshua,2000.0,M,LA,472.0
Madison,2000.0,F,LA,465.0
Jacob,2000.0,M,LA,438.0
Christopher,2000.0,M,LA,430.0
Michael,2000.0,M,LA,426.0
Tyler,2000.0,M,LA,399.0
Hannah,2000.0,F,LA,392.0
Alexis,2000.0,F,LA,381.0
Emily,2000.0,F,LA,373.0
Nicholas,2000.0,M,LA,366.0
Jacob,2000.0,M,AR,378.0
Hannah,2000.0,F,AR,287.0
Madison,2000.0,F,AR,271.0
William,2000.0,M,AR,266.0
Michael,2000.0,M,AR,249.0
Emily,2000.0,F,AR,240.0
Joshua,2000.0,M,AR,239.0
Christopher,2000.0,M,AR,227.0
Hunter,2000.0,M,AR,219.0
Brandon,2000.0,M,AR,213.0
Jacob,2000.0,M,WV,313.0
Hannah,2000.0,F,WV,220.0
Austin,2000.0,M,WV,213.0
Emily,2000.0,F,WV,203.0
Madison,2000.0,F,WV,196.0
Tyler,2000.0,M,WV,190.0
Michael,2000.0,M,WV,190.0
Joshua,2000.0,M,WV,176.0
Zachary,2000.0,M,WV,164.0
Matthew,2000.0,M,WV,164.0
Madison,2001.0,F,ND,91.0
Jacob,2001.0,M,ND,89.0
Ethan,2001.0,M,ND,72.0
Matthew,2001.0,M,ND,62.0
Hannah,2001.0,F,ND,59.0
Dylan,2001.0,M,ND,58.0
Emily,2001.0,F,ND,56.0
Hunter,2001.0,M,ND,54.0
Tyler,2001.0,M,ND,53.0
Grace,2001.0,F,ND,52.0
Jacob,2001.0,M,TN,873.0
William,2001.0,M,TN,793.0
Hannah,2001.0,F,TN,691.0
Joshua,2001.0,M,TN,645.0
Madison,2001.0,F,TN,635.0
James,2001.0,M,TN,614.0
Austin,2001.0,M,TN,556.0
Matthew,2001.0,M,TN,548.0
Michael,2001.0,M,TN,546.0
Emily,2001.0,F,TN,541.0
Jacob,2001.0,M,OK,456.0
Madison,2001.0,F,OK,384.0
Joshua,2001.0,M,OK,319.0
Michael,2001.0,M,OK,318.0
Hannah,2001.0,F,OK,301.0
Emily,2001.0,F,OK,291.0
Ethan,2001.0,M,OK,287.0
Caleb,2001.0,M,OK,256.0
William,2001.0,M,OK,254.0
Tyler,2001.0,M,OK,248.0
William,2001.0,M,AL,618.0
Jacob,2001.0,M,AL,494.0
Joshua,2001.0,M,AL,448.0
James,2001.0,M,AL,427.0
Madison,2001.0,F,AL,418.0
Christopher,2001.0,M,AL,417.0
Hannah,2001.0,F,AL,413.0
John,2001.0,M,AL,408.0
Michael,2001.0,M,AL,403.0
Anna,2001.0,F,AL,378.0
Jacob,2001.0,M,AR,327.0
Hannah,2001.0,F,AR,292.0
Madison,2001.0,F,AR,288.0
William,2001.0,M,AR,251.0
Joshua,2001.0,M,AR,248.0
Emily,2001.0,F,AR,238.0
Austin,2001.0,M,AR,221.0
Ethan,2001.0,M,AR,218.0
Hunter,2001.0,M,AR,212.0
Matthew,2001.0,M,AR,210.0
Madison,2001.0,F,LA,482.0
Jacob,2001.0,M,LA,426.0
Joshua,2001.0,M,LA,408.0
Michael,2001.0,M,LA,389.0
Christopher,2001.0,M,LA,362.0
Hannah,2001.0,F,LA,355.0
Matthew,2001.0,M,LA,345.0
Tyler,2001.0,M,LA,336.0
William,2001.0,M,LA,322.0
Nicholas,2001.0,M,LA,321.0
Joshua,2001.0,M,NM,212.0
Jacob,2001.0,M,NM,208.0
Michael,2001.0,M,NM,179.0
Isaiah,2001.0,M,NM,170.0
Joseph,2001.0,M,NM,150.0
Christopher,2001.0,M,NM,146.0
Gabriel,2001.0,M,NM,142.0
Matthew,2001.0,M,NM,142.0
Daniel,2001.0,M,NM,141.0
Alexis,2001.0,F,NM,139.0
Madison,2001.0,F,MT,103.0
Jacob,2001.0,M,MT,71.0
Ethan,2001.0,M,MT,70.0
Tyler,2001.0,M,MT,69.0
Emily,2001.0,F,MT,65.0
Hannah,2001.0,F,MT,63.0
Hunter,2001.0,M,MT,60.0
Dylan,2001.0,M,MT,60.0
Andrew,2001.0,M,MT,57.0
Brandon,2001.0,M,MT,50.0
William,2001.0,M,MS,339.0
James,2001.0,M,MS,289.0
Jacob,2001.0,M,MS,282.0
Michael,2001.0,M,MS,278.0
Christopher,2001.0,M,MS,273.0
Madison,2001.0,F,MS,263.0
Hannah,2001.0,F,MS,257.0
John,2001.0,M,MS,256.0
Joshua,2001.0,M,MS,246.0
Anna,2001.0,F,MS,237.0
Jacob,2001.0,M,WV,325.0
Madison,2001.0,F,WV,233.0
Hannah,2001.0,F,WV,220.0
Emily,2001.0,F,WV,210.0
Austin,2001.0,M,WV,188.0
Alexis,2001.0,F,WV,170.0
Hunter,2001.0,M,WV,170.0
Zachary,2001.0,M,WV,158.0
Tyler,2001.0,M,WV,156.0
Matthew,2001.0,M,WV,150.0
Jacob,2002.0,M,KY,627.0
Madison,2002.0,F,KY,550.0
Ethan,2002.0,M,KY,498.0
William,2002.0,M,KY,487.0
Hannah,2002.0,F,KY,455.0
Emily,2002.0,F,KY,424.0
James,2002.0,M,KY,420.0
Joshua,2002.0,M,KY,387.0
Austin,2002.0,M,KY,385.0
Zachary,2002.0,M,KY,343.0
William,2002.0,M,NC,1010.0
Jacob,2002.0,M,NC,980.0
Joshua,2002.0,M,NC,888.0
Madison,2002.0,F,NC,799.0
Christopher,2002.0,M,NC,775.0
Michael,2002.0,M,NC,767.0
Matthew,2002.0,M,NC,750.0
Hannah,2002.0,F,NC,722.0
Ethan,2002.0,M,NC,660.0
James,2002.0,M,NC,653.0
Jacob,2002.0,M,OK,436.0
Madison,2002.0,F,OK,357.0
Ethan,2002.0,M,OK,317.0
Emily,2002.0,F,OK,308.0
Joshua,2002.0,M,OK,304.0
Hannah,2002.0,F,OK,290.0
Caleb,2002.0,M,OK,270.0
Tyler,2002.0,M,OK,264.0
Matthew,2002.0,M,OK,249.0
Michael,2002.0,M,OK,248.0
Jacob,2002.0,M,ND,93.0
Ethan,2002.0,M,ND,89.0
Logan,2002.0,M,ND,72.0
Madison,2002.0,F,ND,70.0
Hannah,2002.0,F,ND,68.0
Emily,2002.0,F,ND,55.0
Joshua,2002.0,M,ND,53.0
Tyler,2002.0,M,ND,51.0
Hunter,2002.0,M,ND,50.0
Zachary,2002.0,M,ND,50.0
Joshua,2002.0,M,NM,187.0
Jacob,2002.0,M,NM,182.0
Isaiah,2002.0,M,NM,174.0
Matthew,2002.0,M,NM,169.0
Michael,2002.0,M,NM,153.0
Joseph,2002.0,M,NM,149.0
Alexis,2002.0,F,NM,144.0
Gabriel,2002.0,M,NM,139.0
Christopher,2002.0,M,NM,139.0
Alyssa,2002.0,F,NM,134.0
Ethan,2002.0,M,MT,79.0
Madison,2002.0,F,MT,77.0
Emily,2002.0,F,MT,72.0
Hannah,2002.0,F,MT,69.0
Jacob,2002.0,M,MT,65.0
Dylan,2002.0,M,MT,63.0
Logan,2002.0,M,MT,62.0
Tyler,2002.0,M,MT,61.0
Michael,2002.0,M,MT,57.0
Austin,2002.0,M,MT,55.0
Madison,2002.0,F,LA,520.0
Joshua,2002.0,M,LA,410.0
Jacob,2002.0,M,LA,409.0
Michael,2002.0,M,LA,398.0
Ethan,2002.0,M,LA,352.0
Emily,2002.0,F,LA,334.0
Christopher,2002.0,M,LA,329.0
Hannah,2002.0,F,LA,319.0
Cameron,2002.0,M,LA,311.0
Tyler,2002.0,M,LA,308.0
Jacob,2002.0,M,AR,327.0
Madison,2002.0,F,AR,283.0
Ethan,2002.0,M,AR,250.0
William,2002.0,M,AR,240.0
Hannah,2002.0,F,AR,231.0
Emily,2002.0,F,AR,223.0
Caleb,2002.0,M,AR,219.0
Joshua,2002.0,M,AR,211.0
Christopher,2002.0,M,AR,208.0
Matthew,2002.0,M,AR,206.0
William,2002.0,M,MS,336.0
Christopher,2002.0,M,MS,296.0
Joshua,2002.0,M,MS,286.0
James,2002.0,M,MS,286.0
Madison,2002.0,F,MS,264.0
Jacob,2002.0,M,MS,249.0
John,2002.0,M,MS,243.0
Michael,2002.0,M,MS,241.0
Hannah,2002.0,F,MS,212.0
Anna,2002.0,F,MS,206.0
Jacob,2002.0,M,WV,268.0
Madison,2002.0,F,WV,225.0
Hannah,2002.0,F,WV,215.0
Emily,2002.0,F,WV,212.0
Austin,2002.0,M,WV,190.0
Hunter,2002.0,M,WV,187.0
Ethan,2002.0,M,WV,176.0
James,2002.0,M,WV,166.0
Alexis,2002.0,F,WV,156.0
Christopher,2002.0,M,WV,155.0
William,2003.0,M,AL,616.0
Jacob,2003.0,M,AL,462.0
Joshua,2003.0,M,AL,442.0
James,2003.0,M,AL,409.0
Madison,2003.0,F,AL,408.0
Emma,2003.0,F,AL,407.0
John,2003.0,M,AL,390.0
Christopher,2003.0,M,AL,374.0
Michael,2003.0,M,AL,363.0
Emily,2003.0,F,AL,352.0
Emma,2003.0,F,ME,146.0
Jacob,2003.0,M,ME,137.0
Emily,2003.0,F,ME,116.0
Abigail,2003.0,F,ME,108.0
Hannah,2003.0,F,ME,108.0
Nicholas,2003.0,M,ME,106.0
Joshua,2003.0,M,ME,104.0
Madison,2003.0,F,ME,102.0
Matthew,2003.0,M,ME,97.0
Olivia,2003.0,F,ME,94.0
Jacob,2003.0,M,KY,622.0
Emily,2003.0,F,KY,473.0
James,2003.0,M,KY,456.0
Madison,2003.0,F,KY,448.0
Hannah,2003.0,F,KY,445.0
Ethan,2003.0,M,KY,435.0
William,2003.0,M,KY,429.0
Emma,2003.0,F,KY,386.0
Joshua,2003.0,M,KY,368.0
Matthew,2003.0,M,KY,360.0
Jacob,2003.0,M,OK,395.0
Ethan,2003.0,M,OK,324.0
Emily,2003.0,F,OK,311.0
Joshua,2003.0,M,OK,299.0
Madison,2003.0,F,OK,284.0
Emma,2003.0,F,OK,274.0
Michael,2003.0,M,OK,258.0
Caleb,2003.0,M,OK,244.0
Tyler,2003.0,M,OK,240.0
Hannah,2003.0,F,OK,239.0
Joshua,2003.0,M,NM,195.0
Jacob,2003.0,M,NM,194.0
Gabriel,2003.0,M,NM,154.0
Michael,2003.0,M,NM,150.0
Jose,2003.0,M,NM,149.0
Joseph,2003.0,M,NM,148.0
Isaiah,2003.0,M,NM,145.0
Daniel,2003.0,M,NM,143.0
Matthew,2003.0,M,NM,141.0
Alexis,2003.0,F,NM,118.0
Emma,2003.0,F,MT,83.0
Jacob,2003.0,M,MT,81.0
Hannah,2003.0,F,MT,73.0
Madison,2003.0,F,MT,71.0
Joshua,2003.0,M,MT,66.0
Ethan,2003.0,M,MT,65.0
Hunter,2003.0,M,MT,63.0
Tyler,2003.0,M,MT,62.0
Logan,2003.0,M,MT,62.0
Michael,2003.0,M,MT,58.0
Madison,2003.0,F,LA,455.0
Jacob,2003.0,M,LA,422.0
Ethan,2003.0,M,LA,385.0
Joshua,2003.0,M,LA,378.0
Emily,2003.0,F,LA,353.0
Michael,2003.0,M,LA,338.0
Christopher,2003.0,M,LA,332.0
Emma,2003.0,F,LA,328.0
Tyler,2003.0,M,LA,308.0
Hannah,2003.0,F,LA,297.0
Jacob,2003.0,M,WV,293.0
Madison,2003.0,F,WV,243.0
Emily,2003.0,F,WV,230.0
Hannah,2003.0,F,WV,196.0
Ethan,2003.0,M,WV,187.0
Matthew,2003.0,M,WV,169.0
Hunter,2003.0,M,WV,169.0
Tyler,2003.0,M,WV,165.0
Emma,2003.0,F,WV,159.0
Austin,2003.0,M,WV,158.0
William,2003.0,M,MS,334.0
Madison,2003.0,F,MS,303.0
Christopher,2003.0,M,MS,294.0
James,2003.0,M,MS,279.0
Jacob,2003.0,M,MS,263.0
Joshua,2003.0,M,MS,249.0
John,2003.0,M,MS,241.0
Michael,2003.0,M,MS,227.0
Ethan,2003.0,M,MS,211.0
Tyler,2003.0,M,MS,209.0
Jacob,2003.0,M,AR,286.0
Madison,2003.0,F,AR,272.0
Joshua,2003.0,M,AR,268.0
Ethan,2003.0,M,AR,266.0
Emily,2003.0,F,AR,255.0
William,2003.0,M,AR,228.0
Hannah,2003.0,F,AR,224.0
Michael,2003.0,M,AR,220.0
Caleb,2003.0,M,AR,204.0
John,2003.0,M,AR,202.0
Ethan,2004.0,M,ND,84.0
Madison,2004.0,F,ND,77.0
Emma,2004.0,F,ND,74.0
Jacob,2004.0,M,ND,73.0
Emily,2004.0,F,ND,65.0
Grace,2004.0,F,ND,60.0
Olivia,2004.0,F,ND,58.0
Hannah,2004.0,F,ND,57.0
Andrew,2004.0,M,ND,57.0
Logan,2004.0,M,ND,55.0
William,2004.0,M,SC,500.0
Jacob,2004.0,M,SC,393.0
Madison,2004.0,F,SC,373.0
James,2004.0,M,SC,371.0
Joshua,2004.0,M,SC,354.0
Christopher,2004.0,M,SC,344.0
Emily,2004.0,F,SC,341.0
Michael,2004.0,M,SC,327.0
John,2004.0,M,SC,298.0
Ethan,2004.0,M,SC,296.0
William,2004.0,M,TN,832.0
Jacob,2004.0,M,TN,723.0
Madison,2004.0,F,TN,592.0
Emma,2004.0,F,TN,587.0
Ethan,2004.0,M,TN,579.0
Emily,2004.0,F,TN,565.0
Joshua,2004.0,M,TN,560.0
James,2004.0,M,TN,524.0
Hannah,2004.0,F,TN,523.0
Michael,2004.0,M,TN,476.0
William,2004.0,M,AL,639.0
Jacob,2004.0,M,AL,462.0
John,2004.0,M,AL,422.0
Joshua,2004.0,M,AL,398.0
Emma,2004.0,F,AL,388.0
James,2004.0,M,AL,387.0
Madison,2004.0,F,AL,382.0
Christopher,2004.0,M,AL,347.0
Michael,2004.0,M,AL,347.0
Emily,2004.0,F,AL,335.0
Madison,2004.0,F,LA,431.0
Ethan,2004.0,M,LA,377.0
Joshua,2004.0,M,LA,370.0
Emma,2004.0,F,LA,362.0
Jacob,2004.0,M,LA,358.0
Emily,2004.0,F,LA,332.0
Michael,2004.0,M,LA,332.0
Christopher,2004.0,M,LA,311.0
William,2004.0,M,LA,304.0
Joseph,2004.0,M,LA,288.0
Jacob,2004.0,M,KY,484.0
Ethan,2004.0,M,KY,391.0
Madison,2004.0,F,KY,380.0
William,2004.0,M,KY,370.0
Emily,2004.0,F,KY,357.0
James,2004.0,M,KY,340.0
Hannah,2004.0,F,KY,312.0
Emma,2004.0,F,KY,286.0
Logan,2004.0,M,KY,279.0
Matthew,2004.0,M,KY,268.0
Madison,2004.0,F,AR,281.0
Emily,2004.0,F,AR,264.0
Jacob,2004.0,M,AR,258.0
William,2004.0,M,AR,250.0
Ethan,2004.0,M,AR,240.0
Joshua,2004.0,M,AR,236.0
Michael,2004.0,M,AR,227.0
James,2004.0,M,AR,207.0
Emma,2004.0,F,AR,200.0
Hunter,2004.0,M,AR,191.0
William,2004.0,M,MS,354.0
James,2004.0,M,MS,285.0
Madison,2004.0,F,MS,262.0
John,2004.0,M,MS,257.0
Joshua,2004.0,M,MS,247.0
Michael,2004.0,M,MS,243.0
Christopher,2004.0,M,MS,239.0
Jacob,2004.0,M,MS,233.0
Tyler,2004.0,M,MS,201.0
Emily,2004.0,F,MS,194.0
Madison,2004.0,F,MT,85.0
Jacob,2004.0,M,MT,71.0
Emma,2004.0,F,MT,70.0
Ethan,2004.0,M,MT,64.0
William,2004.0,M,MT,62.0
Joseph,2004.0,M,MT,57.0
Michael,2004.0,M,MT,57.0
Grace,2004.0,F,MT,55.0
Hunter,2004.0,M,MT,54.0
Wyatt,2004.0,M,MT,54.0
Jacob,2004.0,M,WV,260.0
Madison,2004.0,F,WV,214.0
Emily,2004.0,F,WV,203.0
Ethan,2004.0,M,WV,186.0
Hannah,2004.0,F,WV,176.0
Emma,2004.0,F,WV,165.0
Alexis,2004.0,F,WV,142.0
Logan,2004.0,M,WV,141.0
Tyler,2004.0,M,WV,140.0
Hunter,2004.0,M,WV,139.0
William,2005.0,M,TN,748.0
Jacob,2005.0,M,TN,645.0
Madison,2005.0,F,TN,601.0
Ethan,2005.0,M,TN,597.0
Emma,2005.0,F,TN,575.0
James,2005.0,M,TN,549.0
Emily,2005.0,F,TN,525.0
Joshua,2005.0,M,TN,515.0
Hannah,2005.0,F,TN,477.0
Andrew,2005.0,M,TN,463.0
Joshua,2005.0,M,NM,196.0
Isaiah,2005.0,M,NM,189.0
Jacob,2005.0,M,NM,165.0
Daniel,2005.0,M,NM,156.0
Elijah,2005.0,M,NM,141.0
Gabriel,2005.0,M,NM,140.0
Jose,2005.0,M,NM,140.0
Michael,2005.0,M,NM,136.0
Anthony,2005.0,M,NM,130.0
Joseph,2005.0,M,NM,127.0
Jacob,2005.0,M,OK,328.0
Ethan,2005.0,M,OK,318.0
Emma,2005.0,F,OK,280.0
Madison,2005.0,F,OK,278.0
Emily,2005.0,F,OK,274.0
Joshua,2005.0,M,OK,264.0
Michael,2005.0,M,OK,261.0
Hannah,2005.0,F,OK,248.0
William,2005.0,M,OK,236.0
Tyler,2005.0,M,OK,225.0
Jacob,2005.0,M,MT,85.0
Ethan,2005.0,M,MT,72.0
Emma,2005.0,F,MT,69.0
Madison,2005.0,F,MT,66.0
Michael,2005.0,M,MT,60.0
Olivia,2005.0,F,MT,58.0
Emily,2005.0,F,MT,57.0
Joseph,2005.0,M,MT,56.0
Logan,2005.0,M,MT,53.0
Ryan,2005.0,M,MT,52.0
Madison,2005.0,F,LA,418.0
Emma,2005.0,F,LA,338.0
Joshua,2005.0,M,LA,323.0
Ethan,2005.0,M,LA,322.0
Michael,2005.0,M,LA,313.0
Jacob,2005.0,M,LA,305.0
Emily,2005.0,F,LA,295.0
William,2005.0,M,LA,272.0
John,2005.0,M,LA,265.0
Christopher,2005.0,M,LA,264.0
William,2005.0,M,AL,550.0
Madison,2005.0,F,AL,403.0
Joshua,2005.0,M,AL,399.0
Emma,2005.0,F,AL,399.0
James,2005.0,M,AL,396.0
John,2005.0,M,AL,386.0
Michael,2005.0,M,AL,382.0
Jacob,2005.0,M,AL,376.0
Christopher,2005.0,M,AL,338.0
Emily,2005.0,F,AL,334.0
Jacob,2005.0,M,KY,553.0
Ethan,2005.0,M,KY,464.0
Madison,2005.0,F,KY,452.0
Emily,2005.0,F,KY,433.0
William,2005.0,M,KY,405.0
James,2005.0,M,KY,400.0
Emma,2005.0,F,KY,388.0
Joshua,2005.0,M,KY,352.0
Hannah,2005.0,F,KY,335.0
Matthew,2005.0,M,KY,335.0
Emily,2005.0,F,AR,264.0
Madison,2005.0,F,AR,264.0
Ethan,2005.0,M,AR,257.0
William,2005.0,M,AR,231.0
Jacob,2005.0,M,AR,226.0
Emma,2005.0,F,AR,217.0
Joshua,2005.0,M,AR,191.0
James,2005.0,M,AR,190.0
Michael,2005.0,M,AR,190.0
Caleb,2005.0,M,AR,182.0
Jacob,2005.0,M,WV,243.0
Madison,2005.0,F,WV,198.0
Emily,2005.0,F,WV,195.0
Ethan,2005.0,M,WV,171.0
Emma,2005.0,F,WV,169.0
Hunter,2005.0,M,WV,161.0
Hannah,2005.0,F,WV,136.0
Olivia,2005.0,F,WV,135.0
Logan,2005.0,M,WV,133.0
Andrew,2005.0,M,WV,131.0
William,2005.0,M,MS,336.0
James,2005.0,M,MS,287.0
Madison,2005.0,F,MS,271.0
John,2005.0,M,MS,237.0
Christopher,2005.0,M,MS,234.0
Jacob,2005.0,M,MS,233.0
Michael,2005.0,M,MS,222.0
Joshua,2005.0,M,MS,217.0
Ethan,2005.0,M,MS,199.0
Emma,2005.0,F,MS,186.0
Joshua,2006.0,M,NM,167.0
Isaiah,2006.0,M,NM,166.0
Gabriel,2006.0,M,NM,166.0
Daniel,2006.0,M,NM,154.0
Joseph,2006.0,M,NM,149.0
Jacob,2006.0,M,NM,145.0
Diego,2006.0,M,NM,144.0
Elijah,2006.0,M,NM,143.0
Michael,2006.0,M,NM,141.0
Matthew,2006.0,M,NM,135.0
William,2006.0,M,NC,890.0
Joshua,2006.0,M,NC,835.0
Jacob,2006.0,M,NC,783.0
Christopher,2006.0,M,NC,740.0
Michael,2006.0,M,NC,673.0
Madison,2006.0,F,NC,670.0
Emily,2006.0,F,NC,637.0
Ethan,2006.0,M,NC,616.0
James,2006.0,M,NC,607.0
Matthew,2006.0,M,NC,585.0
William,2006.0,M,SC,442.0
Madison,2006.0,F,SC,390.0
Christopher,2006.0,M,SC,364.0
James,2006.0,M,SC,346.0
Jacob,2006.0,M,SC,334.0
Joshua,2006.0,M,SC,331.0
Emma,2006.0,F,SC,284.0
John,2006.0,M,SC,281.0
Emily,2006.0,F,SC,273.0
Michael,2006.0,M,SC,273.0
Jacob,2006.0,M,KY,497.0
William,2006.0,M,KY,463.0
Ethan,2006.0,M,KY,428.0
Madison,2006.0,F,KY,418.0
James,2006.0,M,KY,367.0
Emma,2006.0,F,KY,352.0
Emily,2006.0,F,KY,346.0
Landon,2006.0,M,KY,339.0
Hannah,2006.0,F,KY,332.0
Logan,2006.0,M,KY,303.0
Jacob,2006.0,M,OK,345.0
Emma,2006.0,F,OK,283.0
Ethan,2006.0,M,OK,263.0
Madison,2006.0,F,OK,257.0
Joshua,2006.0,M,OK,239.0
Emily,2006.0,F,OK,237.0
William,2006.0,M,OK,220.0
Michael,2006.0,M,OK,216.0
Abigail,2006.0,F,OK,210.0
Logan,2006.0,M,OK,207.0
Jacob,2006.0,M,WV,199.0
Ethan,2006.0,M,WV,191.0
Madison,2006.0,F,WV,182.0
Logan,2006.0,M,WV,164.0
Hannah,2006.0,F,WV,153.0
Emily,2006.0,F,WV,142.0
Landon,2006.0,M,WV,136.0
Abigail,2006.0,F,WV,134.0
Alexis,2006.0,F,WV,130.0
Hunter,2006.0,M,WV,128.0
William,2006.0,M,AL,609.0
Jacob,2006.0,M,AL,432.0
James,2006.0,M,AL,422.0
Madison,2006.0,F,AL,385.0
Joshua,2006.0,M,AL,377.0
John,2006.0,M,AL,371.0
Emma,2006.0,F,AL,365.0
Michael,2006.0,M,AL,353.0
Jackson,2006.0,M,AL,346.0
Christopher,2006.0,M,AL,343.0
Madison,2006.0,F,AR,269.0
William,2006.0,M,AR,263.0
Jacob,2006.0,M,AR,243.0
Ethan,2006.0,M,AR,243.0
Emily,2006.0,F,AR,212.0
Emma,2006.0,F,AR,204.0
James,2006.0,M,AR,203.0
Landon,2006.0,M,AR,198.0
Joshua,2006.0,M,AR,191.0
Christopher,2006.0,M,AR,184.0
Madison,2006.0,F,LA,401.0
Ethan,2006.0,M,LA,321.0
Landon,2006.0,M,LA,319.0
Emma,2006.0,F,LA,318.0
Ava,2006.0,F,LA,309.0
Joshua,2006.0,M,LA,304.0
Jacob,2006.0,M,LA,292.0
Christopher,2006.0,M,LA,279.0
Noah,2006.0,M,LA,273.0
Michael,2006.0,M,LA,273.0
William,2006.0,M,MS,311.0
James,2006.0,M,MS,303.0
Madison,2006.0,F,MS,284.0
Joshua,2006.0,M,MS,252.0
Christopher,2006.0,M,MS,240.0
John,2006.0,M,MS,234.0
Michael,2006.0,M,MS,223.0
Jacob,2006.0,M,MS,219.0
Tyler,2006.0,M,MS,206.0
Ethan,2006.0,M,MS,204.0
Ethan,2007.0,M,MT,68.0
Madison,2007.0,F,MT,67.0
Emma,2007.0,F,MT,66.0
Logan,2007.0,M,MT,64.0
Jacob,2007.0,M,MT,61.0
Olivia,2007.0,F,MT,59.0
Noah,2007.0,M,MT,56.0
Mason,2007.0,M,MT,54.0
William,2007.0,M,MT,52.0
Addison,2007.0,F,MT,50.0
William,2007.0,M,NC,896.0
Jacob,2007.0,M,NC,829.0
Christopher,2007.0,M,NC,725.0
Joshua,2007.0,M,NC,722.0
Ethan,2007.0,M,NC,691.0
Madison,2007.0,F,NC,680.0
Michael,2007.0,M,NC,649.0
Emma,2007.0,F,NC,625.0
James,2007.0,M,NC,602.0
Noah,2007.0,M,NC,593.0
Ethan,2007.0,M,OK,324.0
Jacob,2007.0,M,OK,301.0
Emma,2007.0,F,OK,262.0
Joshua,2007.0,M,OK,255.0
Madison,2007.0,F,OK,247.0
Emily,2007.0,F,OK,240.0
Addison,2007.0,F,OK,234.0
William,2007.0,M,OK,222.0
James,2007.0,M,OK,217.0
Noah,2007.0,M,OK,217.0
William,2007.0,M,AL,551.0
James,2007.0,M,AL,426.0
Christopher,2007.0,M,AL,397.0
Emma,2007.0,F,AL,380.0
John,2007.0,M,AL,377.0
Jacob,2007.0,M,AL,376.0
Madison,2007.0,F,AL,361.0
Joshua,2007.0,M,AL,343.0
Jackson,2007.0,M,AL,310.0
Michael,2007.0,M,AL,302.0
Jacob,2007.0,M,WV,203.0
Ethan,2007.0,M,WV,179.0
Madison,2007.0,F,WV,175.0
Logan,2007.0,M,WV,147.0
Emma,2007.0,F,WV,145.0
Abigail,2007.0,F,WV,134.0
Emily,2007.0,F,WV,134.0
Austin,2007.0,M,WV,122.0
Michael,2007.0,M,WV,121.0
Hunter,2007.0,M,WV,121.0
Madison,2007.0,F,LA,351.0
Ava,2007.0,F,LA,330.0
Joshua,2007.0,M,LA,301.0
Jacob,2007.0,M,LA,298.0
Emma,2007.0,F,LA,297.0
Ethan,2007.0,M,LA,295.0
Michael,2007.0,M,LA,288.0
Christopher,2007.0,M,LA,285.0
Noah,2007.0,M,LA,268.0
Landon,2007.0,M,LA,263.0
William,2007.0,M,TN,699.0
Jacob,2007.0,M,TN,625.0
Ethan,2007.0,M,TN,563.0
James,2007.0,M,TN,544.0
Emma,2007.0,F,TN,542.0
Madison,2007.0,F,TN,535.0
Joshua,2007.0,M,TN,479.0
Jackson,2007.0,M,TN,469.0
Christopher,2007.0,M,TN,468.0
Michael,2007.0,M,TN,442.0
William,2007.0,M,AR,270.0
Jacob,2007.0,M,AR,239.0
Madison,2007.0,F,AR,225.0
Emma,2007.0,F,AR,223.0
Ethan,2007.0,M,AR,205.0
Jackson,2007.0,M,AR,204.0
Emily,2007.0,F,AR,201.0
Addison,2007.0,F,AR,192.0
Christopher,2007.0,M,AR,190.0
James,2007.0,M,AR,184.0
Jacob,2007.0,M,KY,479.0
William,2007.0,M,KY,442.0
Ethan,2007.0,M,KY,414.0
Madison,2007.0,F,KY,407.0
James,2007.0,M,KY,364.0
Emma,2007.0,F,KY,350.0
Emily,2007.0,F,KY,327.0
Logan,2007.0,M,KY,315.0
Addison,2007.0,F,KY,300.0
Noah,2007.0,M,KY,297.0
William,2007.0,M,MS,302.0
James,2007.0,M,MS,280.0
Christopher,2007.0,M,MS,270.0
Madison,2007.0,F,MS,267.0
John,2007.0,M,MS,263.0
Joshua,2007.0,M,MS,234.0
Ethan,2007.0,M,MS,215.0
Jacob,2007.0,M,MS,209.0
Michael,2007.0,M,MS,194.0
Jayden,2007.0,M,MS,190.0
William,2008.0,M,NC,888.0
Jacob,2008.0,M,NC,708.0
Joshua,2008.0,M,NC,706.0
Christopher,2008.0,M,NC,658.0
Emma,2008.0,F,NC,652.0
Ethan,2008.0,M,NC,622.0
Madison,2008.0,F,NC,622.0
Michael,2008.0,M,NC,599.0
James,2008.0,M,NC,582.0
Jayden,2008.0,M,NC,579.0
Ethan,2008.0,M,MT,66.0
Madison,2008.0,F,MT,63.0
Jacob,2008.0,M,MT,60.0
William,2008.0,M,MT,58.0
Olivia,2008.0,F,MT,56.0
Emma,2008.0,F,MT,55.0
Wyatt,2008.0,M,MT,53.0
Gabriel,2008.0,M,MT,50.0
Isabella,2008.0,F,MT,49.0
Sophia,2008.0,F,MT,48.0
William,2008.0,M,SC,457.0
Joshua,2008.0,M,SC,317.0
Christopher,2008.0,M,SC,314.0
Jayden,2008.0,M,SC,312.0
Madison,2008.0,F,SC,301.0
James,2008.0,M,SC,299.0
Jacob,2008.0,M,SC,299.0
Michael,2008.0,M,SC,292.0
John,2008.0,M,SC,287.0
Ethan,2008.0,M,SC,287.0
Isaiah,2008.0,M,NM,177.0
Daniel,2008.0,M,NM,160.0
Elijah,2008.0,M,NM,152.0
Jacob,2008.0,M,NM,149.0
Joshua,2008.0,M,NM,136.0
Michael,2008.0,M,NM,136.0
Jose,2008.0,M,NM,133.0
Noah,2008.0,M,NM,133.0
Christopher,2008.0,M,NM,129.0
Ethan,2008.0,M,NM,122.0
William,2008.0,M,KY,429.0
Jacob,2008.0,M,KY,392.0
Madison,2008.0,F,KY,359.0
Emma,2008.0,F,KY,352.0
James,2008.0,M,KY,330.0
Ethan,2008.0,M,KY,321.0
Landon,2008.0,M,KY,298.0
Brayden,2008.0,M,KY,295.0
Olivia,2008.0,F,KY,286.0
Abigail,2008.0,F,KY,284.0
William,2008.0,M,TN,705.0
Jacob,2008.0,M,TN,563.0
Madison,2008.0,F,TN,553.0
Emma,2008.0,F,TN,553.0
James,2008.0,M,TN,505.0
Ethan,2008.0,M,TN,486.0
Elijah,2008.0,M,TN,476.0
Joshua,2008.0,M,TN,465.0
Jackson,2008.0,M,TN,417.0
Christopher,2008.0,M,TN,391.0
Jacob,2008.0,M,AR,205.0
Ethan,2008.0,M,AR,203.0
William,2008.0,M,AR,202.0
Madison,2008.0,F,AR,191.0
Emma,2008.0,F,AR,190.0
Landon,2008.0,M,AR,174.0
Jackson,2008.0,M,AR,169.0
Joshua,2008.0,M,AR,169.0
Aiden,2008.0,M,AR,166.0
Emily,2008.0,F,AR,164.0
Madison,2008.0,F,LA,333.0
Ava,2008.0,F,LA,311.0
Emma,2008.0,F,LA,306.0
Ethan,2008.0,M,LA,301.0
Jayden,2008.0,M,LA,286.0
Christopher,2008.0,M,LA,285.0
Jacob,2008.0,M,LA,280.0
William,2008.0,M,LA,264.0
Michael,2008.0,M,LA,259.0
Joshua,2008.0,M,LA,249.0
Jacob,2008.0,M,WV,175.0
Emma,2008.0,F,WV,167.0
Madison,2008.0,F,WV,165.0
Ethan,2008.0,M,WV,132.0
Hunter,2008.0,M,WV,126.0
Landon,2008.0,M,WV,126.0
Noah,2008.0,M,WV,126.0
Abigail,2008.0,F,WV,123.0
Olivia,2008.0,F,WV,118.0
Emily,2008.0,F,WV,116.0
William,2008.0,M,MS,288.0
Madison,2008.0,F,MS,253.0
James,2008.0,M,MS,237.0
Christopher,2008.0,M,MS,226.0
Jayden,2008.0,M,MS,224.0
John,2008.0,M,MS,224.0
Joshua,2008.0,M,MS,215.0
Michael,2008.0,M,MS,193.0
Emma,2008.0,F,MS,191.0
Ethan,2008.0,M,MS,181.0
William,2009.0,M,GA,892.0
Christopher,2009.0,M,GA,712.0
Joshua,2009.0,M,GA,707.0
Madison,2009.0,F,GA,650.0
James,2009.0,M,GA,649.0
Jayden,2009.0,M,GA,641.0
Jacob,2009.0,M,GA,636.0
Michael,2009.0,M,GA,615.0
Christian,2009.0,M,GA,604.0
Ethan,2009.0,M,GA,594.0
Jacob,2009.0,M,KY,426.0
William,2009.0,M,KY,409.0
James,2009.0,M,KY,331.0
Emma,2009.0,F,KY,330.0
Ethan,2009.0,M,KY,313.0
Isabella,2009.0,F,KY,303.0
Noah,2009.0,M,KY,300.0
Landon,2009.0,M,KY,289.0
Madison,2009.0,F,KY,281.0
Olivia,2009.0,F,KY,279.0
William,2009.0,M,NC,792.0
Jacob,2009.0,M,NC,670.0
Christopher,2009.0,M,NC,638.0
Joshua,2009.0,M,NC,622.0
Noah,2009.0,M,NC,621.0
Ethan,2009.0,M,NC,586.0
Emma,2009.0,F,NC,586.0
Madison,2009.0,F,NC,572.0
Isabella,2009.0,F,NC,570.0
Michael,2009.0,M,NC,567.0
William,2009.0,M,SC,417.0
Jayden,2009.0,M,SC,292.0
Christopher,2009.0,M,SC,291.0
James,2009.0,M,SC,286.0
Joshua,2009.0,M,SC,284.0
Emma,2009.0,F,SC,283.0
Jacob,2009.0,M,SC,283.0
Madison,2009.0,F,SC,267.0
Michael,2009.0,M,SC,253.0
Jackson,2009.0,M,SC,250.0
William,2009.0,M,TN,644.0
Emma,2009.0,F,TN,460.0
Jacob,2009.0,M,TN,452.0
Madison,2009.0,F,TN,438.0
Joshua,2009.0,M,TN,437.0
Ethan,2009.0,M,TN,435.0
Noah,2009.0,M,TN,434.0
James,2009.0,M,TN,429.0
Elijah,2009.0,M,TN,418.0
Jackson,2009.0,M,TN,400.0
Jacob,2009.0,M,WV,157.0
Madison,2009.0,F,WV,149.0
Isabella,2009.0,F,WV,148.0
Hunter,2009.0,M,WV,139.0
Emma,2009.0,F,WV,136.0
Ethan,2009.0,M,WV,130.0
Noah,2009.0,M,WV,129.0
Logan,2009.0,M,WV,123.0
Aiden,2009.0,M,WV,123.0
Alexis,2009.0,F,WV,122.0
Emma,2009.0,F,MT,70.0
Isabella,2009.0,F,MT,61.0
Ethan,2009.0,M,MT,60.0
Wyatt,2009.0,M,MT,56.0
Olivia,2009.0,F,MT,54.0
Logan,2009.0,M,MT,53.0
Ava,2009.0,F,MT,52.0
Madison,2009.0,F,MT,49.0
Landon,2009.0,M,MT,49.0
William,2009.0,M,MT,49.0
William,2009.0,M,AL,508.0
James,2009.0,M,AL,343.0
Emma,2009.0,F,AL,336.0
Jacob,2009.0,M,AL,320.0
Madison,2009.0,F,AL,312.0
Jackson,2009.0,M,AL,307.0
John,2009.0,M,AL,305.0
Joshua,2009.0,M,AL,303.0
Christopher,2009.0,M,AL,300.0
Jayden,2009.0,M,AL,297.0
William,2009.0,M,AR,220.0
Jacob,2009.0,M,AR,203.0
Ethan,2009.0,M,AR,187.0
Emma,2009.0,F,AR,187.0
Madison,2009.0,F,AR,182.0
Addison,2009.0,F,AR,177.0
Joshua,2009.0,M,AR,176.0
Jayden,2009.0,M,AR,166.0
Christopher,2009.0,M,AR,163.0
Isabella,2009.0,F,AR,162.0
William,2009.0,M,MS,252.0
Jayden,2009.0,M,MS,236.0
Madison,2009.0,F,MS,235.0
James,2009.0,M,MS,228.0
Christopher,2009.0,M,MS,223.0
Joshua,2009.0,M,MS,188.0
Emma,2009.0,F,MS,183.0
John,2009.0,M,MS,182.0
Michael,2009.0,M,MS,175.0
Ethan,2009.0,M,MS,172.0
Isabella,2010.0,F,OK,253.0
Jacob,2010.0,M,OK,231.0
Emma,2010.0,F,OK,230.0
Aiden,2010.0,M,OK,223.0
Ethan,2010.0,M,OK,213.0
Elijah,2010.0,M,OK,209.0
Noah,2010.0,M,OK,203.0
William,2010.0,M,OK,202.0
Mason,2010.0,M,OK,200.0
Olivia,2010.0,F,OK,200.0
Jacob,2010.0,M,WV,169.0
Isabella,2010.0,F,WV,153.0
Mason,2010.0,M,WV,132.0
Madison,2010.0,F,WV,122.0
Emma,2010.0,F,WV,121.0
Noah,2010.0,M,WV,116.0
Abigail,2010.0,F,WV,112.0
Logan,2010.0,M,WV,110.0
Landon,2010.0,M,WV,109.0
Brayden,2010.0,M,WV,108.0
William,2010.0,M,SC,397.0
James,2010.0,M,SC,301.0
Madison,2010.0,F,SC,290.0
Jacob,2010.0,M,SC,278.0
Isabella,2010.0,F,SC,269.0
Jayden,2010.0,M,SC,265.0
Michael,2010.0,M,SC,253.0
Christopher,2010.0,M,SC,250.0
Joshua,2010.0,M,SC,242.0
Elijah,2010.0,M,SC,236.0
Emma,2010.0,F,MT,62.0
Wyatt,2010.0,M,MT,60.0
Isabella,2010.0,F,MT,57.0
Samuel,2010.0,M,MT,56.0
Jacob,2010.0,M,MT,53.0
Ethan,2010.0,M,MT,52.0
Sophia,2010.0,F,MT,50.0
Logan,2010.0,M,MT,50.0
Mason,2010.0,M,MT,49.0
Olivia,2010.0,F,MT,48.0
Isabella,2010.0,F,KY,375.0
William,2010.0,M,KY,375.0
Jacob,2010.0,M,KY,338.0
Emma,2010.0,F,KY,315.0
Brayden,2010.0,M,KY,306.0
Noah,2010.0,M,KY,296.0
James,2010.0,M,KY,292.0
Mason,2010.0,M,KY,287.0
Jackson,2010.0,M,KY,280.0
Landon,2010.0,M,KY,280.0
William,2010.0,M,AL,496.0
James,2010.0,M,AL,335.0
Emma,2010.0,F,AL,318.0
John,2010.0,M,AL,304.0
Jacob,2010.0,M,AL,292.0
Jayden,2010.0,M,AL,284.0
Jackson,2010.0,M,AL,273.0
Noah,2010.0,M,AL,269.0
Elijah,2010.0,M,AL,259.0
Isabella,2010.0,F,AL,253.0
Jayden,2010.0,M,LA,312.0
Ava,2010.0,F,LA,299.0
Emma,2010.0,F,LA,291.0
Isabella,2010.0,F,LA,272.0
Ethan,2010.0,M,LA,265.0
Mason,2010.0,M,LA,264.0
Noah,2010.0,M,LA,239.0
Michael,2010.0,M,LA,239.0
Madison,2010.0,F,LA,236.0
Landon,2010.0,M,LA,227.0
William,2010.0,M,TN,569.0
Jacob,2010.0,M,TN,503.0
Elijah,2010.0,M,TN,458.0
Isabella,2010.0,F,TN,443.0
Emma,2010.0,F,TN,428.0
James,2010.0,M,TN,414.0
Noah,2010.0,M,TN,385.0
Madison,2010.0,F,TN,383.0
Ethan,2010.0,M,TN,376.0
Addison,2010.0,F,TN,359.0
Emma,2010.0,F,AR,202.0
William,2010.0,M,AR,195.0
Isabella,2010.0,F,AR,174.0
Addison,2010.0,F,AR,168.0
Jacob,2010.0,M,AR,159.0
James,2010.0,M,AR,149.0
Elijah,2010.0,M,AR,149.0
Ethan,2010.0,M,AR,147.0
Michael,2010.0,M,AR,146.0
Jayden,2010.0,M,AR,146.0
William,2010.0,M,MS,217.0
Madison,2010.0,F,MS,203.0
Jayden,2010.0,M,MS,200.0
James,2010.0,M,MS,200.0
John,2010.0,M,MS,189.0
Elijah,2010.0,M,MS,160.0
Jacob,2010.0,M,MS,159.0
Christopher,2010.0,M,MS,155.0
Emma,2010.0,F,MS,153.0
Aiden,2010.0,M,MS,153.0
William,2011.0,M,AL,445.0
Mason,2011.0,M,AL,300.0
James,2011.0,M,AL,300.0
Emma,2011.0,F,AL,282.0
Jacob,2011.0,M,AL,281.0
John,2011.0,M,AL,275.0
Ava,2011.0,F,AL,275.0
Jayden,2011.0,M,AL,257.0
Noah,2011.0,M,AL,257.0
Madison,2011.0,F,AL,256.0
William,2011.0,M,TN,605.0
Mason,2011.0,M,TN,468.0
Emma,2011.0,F,TN,460.0
Elijah,2011.0,M,TN,442.0
Jacob,2011.0,M,TN,419.0
Isabella,2011.0,F,TN,394.0
James,2011.0,M,TN,394.0
Jackson,2011.0,M,TN,377.0
Ava,2011.0,F,TN,362.0
Noah,2011.0,M,TN,356.0
Jacob,2011.0,M,NM,159.0
Sophia,2011.0,F,NM,141.0
Elijah,2011.0,M,NM,131.0
Michael,2011.0,M,NM,128.0
Isabella,2011.0,F,NM,127.0
Aiden,2011.0,M,NM,116.0
Noah,2011.0,M,NM,115.0
Mia,2011.0,F,NM,108.0
Gabriel,2011.0,M,NM,106.0
Daniel,2011.0,M,NM,102.0
Isabella,2011.0,F,WV,160.0
Mason,2011.0,M,WV,160.0
Emma,2011.0,F,WV,135.0
Jacob,2011.0,M,WV,132.0
Landon,2011.0,M,WV,128.0
Madison,2011.0,F,WV,119.0
Noah,2011.0,M,WV,117.0
Hunter,2011.0,M,WV,116.0
Aiden,2011.0,M,WV,115.0
Elijah,2011.0,M,WV,115.0
William,2011.0,M,AR,216.0
Jacob,2011.0,M,AR,187.0
Emma,2011.0,F,AR,185.0
Mason,2011.0,M,AR,182.0
Aiden,2011.0,M,AR,166.0
Noah,2011.0,M,AR,159.0
Jayden,2011.0,M,AR,158.0
Isabella,2011.0,F,AR,154.0
Elijah,2011.0,M,AR,148.0
Addison,2011.0,F,AR,140.0
William,2011.0,M,MS,291.0
James,2011.0,M,MS,208.0
Jayden,2011.0,M,MS,205.0
John,2011.0,M,MS,178.0
Christopher,2011.0,M,MS,169.0
Elijah,2011.0,M,MS,169.0
Jacob,2011.0,M,MS,167.0
Mason,2011.0,M,MS,163.0
Madison,2011.0,F,MS,160.0
Ethan,2011.0,M,MS,158.0
Mason,2011.0,M,LA,310.0
Ava,2011.0,F,LA,288.0
Jayden,2011.0,M,LA,287.0
Emma,2011.0,F,LA,260.0
Isabella,2011.0,F,LA,256.0
Aiden,2011.0,M,LA,255.0
Sophia,2011.0,F,LA,233.0
William,2011.0,M,LA,232.0
Landon,2011.0,M,LA,230.0
Noah,2011.0,M,LA,227.0
Mason,2011.0,M,MT,74.0
Emma,2011.0,F,MT,69.0
Liam,2011.0,M,MT,62.0
Wyatt,2011.0,M,MT,56.0
Jacob,2011.0,M,MT,52.0
William,2011.0,M,MT,47.0
Noah,2011.0,M,MT,47.0
Olivia,2011.0,F,MT,46.0
Madison,2011.0,F,MT,45.0
Logan,2011.0,M,MT,44.0
William,2011.0,M,SC,410.0
Mason,2011.0,M,SC,270.0
Jayden,2011.0,M,SC,264.0
James,2011.0,M,SC,258.0
Aiden,2011.0,M,SC,255.0
Madison,2011.0,F,SC,250.0
Jacob,2011.0,M,SC,248.0
Elijah,2011.0,M,SC,245.0
Jackson,2011.0,M,SC,244.0
Emma,2011.0,F,SC,243.0
William,2011.0,M,KY,395.0
Emma,2011.0,F,KY,332.0
Mason,2011.0,M,KY,327.0
Elijah,2011.0,M,KY,324.0
Isabella,2011.0,F,KY,307.0
Jacob,2011.0,M,KY,299.0
Brayden,2011.0,M,KY,278.0
Noah,2011.0,M,KY,269.0
Sophia,2011.0,F,KY,259.0
Aiden,2011.0,M,KY,258.0
Mason,2012.0,M,OH,851.0
Sophia,2012.0,F,OH,836.0
Emma,2012.0,F,OH,822.0
Ava,2012.0,F,OH,778.0
Liam,2012.0,M,OH,766.0
William,2012.0,M,OH,676.0
Noah,2012.0,M,OH,660.0
Olivia,2012.0,F,OH,637.0
Michael,2012.0,M,OH,635.0
Jacob,2012.0,M,OH,620.0
Emma,2012.0,F,WV,171.0
Mason,2012.0,M,WV,157.0
Liam,2012.0,M,WV,143.0
Jacob,2012.0,M,WV,126.0
Bentley,2012.0,M,WV,126.0
Sophia,2012.0,F,WV,120.0
Hunter,2012.0,M,WV,119.0
Landon,2012.0,M,WV,117.0
Aiden,2012.0,M,WV,114.0
Isabella,2012.0,F,WV,113.0
William,2012.0,M,AL,437.0
James,2012.0,M,AL,321.0
Emma,2012.0,F,AL,320.0
Mason,2012.0,M,AL,302.0
John,2012.0,M,AL,280.0
Jacob,2012.0,M,AL,261.0
Elijah,2012.0,M,AL,257.0
Aiden,2012.0,M,AL,249.0
Ava,2012.0,F,AL,242.0
Michael,2012.0,M,AL,232.0
Sophia,2012.0,F,NM,161.0
Isabella,2012.0,F,NM,130.0
Jacob,2012.0,M,NM,127.0
Noah,2012.0,M,NM,127.0
Elijah,2012.0,M,NM,112.0
Jayden,2012.0,M,NM,108.0
Daniel,2012.0,M,NM,104.0
Ethan,2012.0,M,NM,98.0
Gabriel,2012.0,M,NM,97.0
Josiah,2012.0,M,NM,96.0
William,2012.0,M,TN,580.0
Emma,2012.0,F,TN,499.0
Mason,2012.0,M,TN,483.0
Elijah,2012.0,M,TN,450.0
James,2012.0,M,TN,413.0
Olivia,2012.0,F,TN,392.0
Ava,2012.0,F,TN,388.0
Jacob,2012.0,M,TN,387.0
Jackson,2012.0,M,TN,375.0
Isabella,2012.0,F,TN,361.0
William,2012.0,M,NC,709.0
Mason,2012.0,M,NC,684.0
Emma,2012.0,F,NC,654.0
Sophia,2012.0,F,NC,593.0
Jacob,2012.0,M,NC,578.0
Elijah,2012.0,M,NC,574.0
Noah,2012.0,M,NC,522.0
Ava,2012.0,F,NC,510.0
James,2012.0,M,NC,504.0
Jayden,2012.0,M,NC,504.0
Emma,2012.0,F,KY,356.0
William,2012.0,M,KY,352.0
Mason,2012.0,M,KY,335.0
James,2012.0,M,KY,304.0
Isabella,2012.0,F,KY,281.0
Jacob,2012.0,M,KY,271.0
Noah,2012.0,M,KY,266.0
Sophia,2012.0,F,KY,265.0
Ava,2012.0,F,KY,258.0
Liam,2012.0,M,KY,248.0
Emma,2012.0,F,LA,318.0
Mason,2012.0,M,LA,312.0
Ava,2012.0,F,LA,287.0
Jayden,2012.0,M,LA,258.0
William,2012.0,M,LA,248.0
Noah,2012.0,M,LA,243.0
Isabella,2012.0,F,LA,232.0
Liam,2012.0,M,LA,230.0
Olivia,2012.0,F,LA,221.0
Michael,2012.0,M,LA,214.0
William,2012.0,M,AR,217.0
Emma,2012.0,F,AR,186.0
Sophia,2012.0,F,AR,163.0
Mason,2012.0,M,AR,157.0
James,2012.0,M,AR,153.0
Jacob,2012.0,M,AR,153.0
Elijah,2012.0,M,AR,151.0
Hunter,2012.0,M,AR,147.0
Ethan,2012.0,M,AR,146.0
Ava,2012.0,F,AR,139.0
William,2012.0,M,MS,225.0
Mason,2012.0,M,MS,205.0
John,2012.0,M,MS,170.0
James,2012.0,M,MS,169.0
Jayden,2012.0,M,MS,166.0
Emma,2012.0,F,MS,160.0
Aiden,2012.0,M,MS,152.0
Brayden,2012.0,M,MS,149.0
Madison,2012.0,F,MS,149.0
Ava,2012.0,F,MS,148.0
William,2013.0,M,SC,342.0
Mason,2013.0,M,SC,306.0
Emma,2013.0,F,SC,277.0
James,2013.0,M,SC,276.0
Noah,2013.0,M,SC,263.0
Elijah,2013.0,M,SC,236.0
Michael,2013.0,M,SC,223.0
Jacob,2013.0,M,SC,223.0
Olivia,2013.0,F,SC,221.0
Madison,2013.0,F,SC,218.0
William,2013.0,M,TN,551.0
Emma,2013.0,F,TN,499.0
Mason,2013.0,M,TN,458.0
Elijah,2013.0,M,TN,420.0
James,2013.0,M,TN,398.0
Noah,2013.0,M,TN,398.0
Ava,2013.0,F,TN,363.0
Liam,2013.0,M,TN,357.0
Jacob,2013.0,M,TN,355.0
Olivia,2013.0,F,TN,352.0
Emma,2013.0,F,KY,345.0
William,2013.0,M,KY,312.0
Sophia,2013.0,F,KY,282.0
Noah,2013.0,M,KY,281.0
Mason,2013.0,M,KY,280.0
James,2013.0,M,KY,277.0
Ava,2013.0,F,KY,273.0
Elijah,2013.0,M,KY,271.0
Isabella,2013.0,F,KY,255.0
Hunter,2013.0,M,KY,253.0
Noah,2013.0,M,NM,148.0
Sophia,2013.0,F,NM,145.0
Elijah,2013.0,M,NM,123.0
Liam,2013.0,M,NM,120.0
Isabella,2013.0,F,NM,114.0
Jacob,2013.0,M,NM,110.0
Josiah,2013.0,M,NM,106.0
Emma,2013.0,F,NM,106.0
Gabriel,2013.0,M,NM,101.0
Mia,2013.0,F,NM,100.0
William,2013.0,M,AL,437.0
Emma,2013.0,F,AL,329.0
Mason,2013.0,M,AL,292.0
James,2013.0,M,AL,288.0
John,2013.0,M,AL,281.0
Ava,2013.0,F,AL,260.0
Elijah,2013.0,M,AL,247.0
Jackson,2013.0,M,AL,238.0
Noah,2013.0,M,AL,235.0
Aiden,2013.0,M,AL,224.0
William,2013.0,M,NC,704.0
Emma,2013.0,F,NC,647.0
Mason,2013.0,M,NC,615.0
Elijah,2013.0,M,NC,611.0
Ava,2013.0,F,NC,553.0
Jacob,2013.0,M,NC,551.0
Noah,2013.0,M,NC,548.0
Sophia,2013.0,F,NC,531.0
Liam,2013.0,M,NC,530.0
James,2013.0,M,NC,488.0
William,2013.0,M,MS,241.0
Mason,2013.0,M,MS,208.0
James,2013.0,M,MS,198.0
John,2013.0,M,MS,187.0
Ava,2013.0,F,MS,168.0
Aiden,2013.0,M,MS,150.0
Emma,2013.0,F,MS,146.0
Madison,2013.0,F,MS,143.0
Noah,2013.0,M,MS,140.0
Jayden,2013.0,M,MS,139.0
Emma,2013.0,F,WV,151.0
Mason,2013.0,M,WV,150.0
Liam,2013.0,M,WV,144.0
Noah,2013.0,M,WV,125.0
Olivia,2013.0,F,WV,124.0
Sophia,2013.0,F,WV,124.0
Hunter,2013.0,M,WV,114.0
Elijah,2013.0,M,WV,113.0
Bentley,2013.0,M,WV,110.0
Isabella,2013.0,F,WV,107.0
Emma,2013.0,F,AR,214.0
William,2013.0,M,AR,195.0
Mason,2013.0,M,AR,186.0
Noah,2013.0,M,AR,159.0
Olivia,2013.0,F,AR,156.0
James,2013.0,M,AR,147.0
Ava,2013.0,F,AR,144.0
Elijah,2013.0,M,AR,137.0
Aiden,2013.0,M,AR,132.0
Ethan,2013.0,M,AR,131.0
Mason,2013.0,M,LA,292.0
Ava,2013.0,F,LA,280.0
Emma,2013.0,F,LA,277.0
Noah,2013.0,M,LA,267.0
Olivia,2013.0,F,LA,252.0
Liam,2013.0,M,LA,250.0
Elijah,2013.0,M,LA,244.0
Aiden,2013.0,M,LA,233.0
William,2013.0,M,LA,226.0
Sophia,2013.0,F,LA,222.0
Noah,2014.0,M,NM,122.0
Mia,2014.0,F,NM,120.0
Liam,2014.0,M,NM,120.0
Elijah,2014.0,M,NM,117.0
Sophia,2014.0,F,NM,116.0
Isabella,2014.0,F,NM,111.0
Emma,2014.0,F,NM,108.0
Jacob,2014.0,M,NM,101.0
Daniel,2014.0,M,NM,95.0
Josiah,2014.0,M,NM,94.0
Isabella,2014.0,F,FL,1459.0
Sophia,2014.0,F,FL,1233.0
Noah,2014.0,M,FL,1213.0
Emma,2014.0,F,FL,1189.0
Liam,2014.0,M,FL,1181.0
Olivia,2014.0,F,FL,1145.0
Jacob,2014.0,M,FL,1026.0
Michael,2014.0,M,FL,1017.0
Mason,2014.0,M,FL,990.0
Mia,2014.0,F,FL,971.0
William,2014.0,M,SC,363.0
Emma,2014.0,F,SC,293.0
Ava,2014.0,F,SC,288.0
James,2014.0,M,SC,282.0
Mason,2014.0,M,SC,253.0
Noah,2014.0,M,SC,249.0
Jackson,2014.0,M,SC,237.0
Olivia,2014.0,F,SC,223.0
Elijah,2014.0,M,SC,219.0
Liam,2014.0,M,SC,215.0
Emma,2014.0,F,AR,220.0
Mason,2014.0,M,AR,176.0
William,2014.0,M,AR,174.0
Noah,2014.0,M,AR,161.0
Olivia,2014.0,F,AR,158.0
Ava,2014.0,F,AR,156.0
Elijah,2014.0,M,AR,149.0
James,2014.0,M,AR,144.0
Liam,2014.0,M,AR,135.0
Harper,2014.0,F,AR,126.0
William,2014.0,M,TN,544.0
Emma,2014.0,F,TN,489.0
Mason,2014.0,M,TN,433.0
Elijah,2014.0,M,TN,424.0
James,2014.0,M,TN,424.0
Noah,2014.0,M,TN,421.0
Olivia,2014.0,F,TN,419.0
Ava,2014.0,F,TN,407.0
Liam,2014.0,M,TN,386.0
Jackson,2014.0,M,TN,357.0
William,2014.0,M,KY,360.0
Emma,2014.0,F,KY,316.0
Elijah,2014.0,M,KY,284.0
James,2014.0,M,KY,283.0
Mason,2014.0,M,KY,277.0
Ava,2014.0,F,KY,262.0
Noah,2014.0,M,KY,259.0
Olivia,2014.0,F,KY,256.0
Liam,2014.0,M,KY,244.0
Sophia,2014.0,F,KY,235.0
Mason,2014.0,M,LA,296.0
Liam,2014.0,M,LA,272.0
Noah,2014.0,M,LA,269.0
William,2014.0,M,LA,255.0
Emma,2014.0,F,LA,253.0
Ava,2014.0,F,LA,248.0
Olivia,2014.0,F,LA,246.0
Elijah,2014.0,M,LA,235.0
John,2014.0,M,LA,229.0
Luke,2014.0,M,LA,225.0
William,2014.0,M,AL,427.0
James,2014.0,M,AL,342.0
John,2014.0,M,AL,332.0
Ava,2014.0,F,AL,290.0
Emma,2014.0,F,AL,286.0
Mason,2014.0,M,AL,286.0
Elijah,2014.0,M,AL,274.0
Olivia,2014.0,F,AL,265.0
Noah,2014.0,M,AL,250.0
Jackson,2014.0,M,AL,234.0
Mason,2014.0,M,WV,129.0
Liam,2014.0,M,WV,123.0
Sophia,2014.0,F,WV,119.0
Emma,2014.0,F,WV,116.0
Hunter,2014.0,M,WV,113.0
Noah,2014.0,M,WV,113.0
Colton,2014.0,M,WV,107.0
Olivia,2014.0,F,WV,102.0
James,2014.0,M,WV,94.0
William,2014.0,M,WV,94.0
William,2014.0,M,MS,226.0
James,2014.0,M,MS,192.0
John,2014.0,M,MS,188.0
Ava,2014.0,F,MS,176.0
Elijah,2014.0,M,MS,173.0
Mason,2014.0,M,MS,172.0
Emma,2014.0,F,MS,153.0
Olivia,2014.0,F,MS,150.0
Noah,2014.0,M,MS,150.0
Madison,2014.0,F,MS,144.0
